state_name,state_code,district_name,district_code
Andaman and Nicobar Islands,35,Nicobars,603
Andaman and Nicobar Islands,35,South Andamans,602
Andaman and Nicobar Islands,35,South Andaman,602
Andaman and Nicobar Islands,35,North & Middle Andaman,632
Andaman and Nicobar Islands,35,North and Middle Andaman,632
Andhra Pradesh,28,Srikakulam,519
Andhra Pradesh,28,Vizianagaram,521
Andhra Pradesh,28,Visakhapatnam,520
Andhra Pradesh,28,Krishna,510
Andhra Pradesh,28,Guntur,506
Andhra Pradesh,28,East Godavari,505
Andhra Pradesh,28,Prakasam,517
Andhra Pradesh,28,Kurnool,511
Andhra Pradesh,28,Anantapur,502
Andhra Pradesh,28,SPSR Nellore,515
Andhra Pradesh,28,S.P.S. Nellore,515
Andhra Pradesh,28,West Godavari,523
Andhra Pradesh,28,Y.S.R.,504
Andhra Pradesh,28,Y.S.R. Kadapa,504
Andhra Pradesh,28,YSR Kadapa,504
Andhra Pradesh,28,Chittoor,503
Arunachal Pradesh,12,Anjaw,628
Arunachal Pradesh,12,Changlang,229
Arunachal Pradesh,12,Capital Complex,229
Arunachal Pradesh,12,Dibang Valley,230
Arunachal Pradesh,12,Upper Dibang Valley,230
Arunachal Pradesh,12,East Kameng,231
Arunachal Pradesh,12,East Siang,232
Arunachal Pradesh,12,Kurung Kumey,233
Arunachal Pradesh,12,Lohit,234
Arunachal Pradesh,12,Lower Dibang Valley,235
Arunachal Pradesh,12,Lower Subansiri,236
Arunachal Pradesh,12,Papum Pare,237
Arunachal Pradesh,12,Tawang,238
Arunachal Pradesh,12,Tirap,239
Arunachal Pradesh,12,Upper Siang,240
Arunachal Pradesh,12,Upper Subansiri,241
Arunachal Pradesh,12,West Kameng,242
Arunachal Pradesh,12,West Siang,243
Arunachal Pradesh,12,Kra Daadi,677
Arunachal Pradesh,12,Pakke Kessang,723
Arunachal Pradesh,12,Kamle,718
Arunachal Pradesh,12,Leparada,724
Arunachal Pradesh,12,Lepa Rada,724
Arunachal Pradesh,12,Longding,666
Arunachal Pradesh,12,Lower Siang,719
Arunachal Pradesh,12,Namsai,678
Arunachal Pradesh,12,Shi Yomi,725
Arunachal Pradesh,12,Siang,679
Assam,18,Baksa,616
Assam,18,Barpeta,280
Assam,18,Bongaigaon,281
Assam,18,Cachar,282
Assam,18,Chirang,612
Assam,18,Darrang,283
Assam,18,Dhemaji,284
Assam,18,Dhubri,285
Assam,18,Dibrugarh,286
Assam,18,Goalpara,287
Assam,18,Golaghat,288
Assam,18,Hailakandi,289
Assam,18,Jorhat,290
Assam,18,Kamrup,291
Assam,18,Kamrup Metro,618
Assam,18,Kamrup Metropolitan,618
Assam,18,Karbi Anglong,292
Assam,18,Karimganj,293
Assam,18,Kokrajhar,294
Assam,18,Lakhimpur,295
Assam,18,Marigaon,296
Assam,18,Morigaon,296
Assam,18,Nagaon,297
Assam,18,Nalbari,298
Assam,18,Dima Hasao,299
Assam,18,Sivasagar,300
Assam,18,Sonitpur,301
Assam,18,Tinsukia,302
Assam,18,Udalguri,617
Assam,18,Biswanath,705
Assam,18,Charaideo,708
Assam,18,Hojai,709
Assam,18,Majuli,706
Assam,18,South Salmara Mancachar,707
Assam,18,South Salmara Mankachar,707
Assam,18,West Karbi Anglong,710
Bihar,10,Araria,188
Bihar,10,Aurangabad,189
Bihar,10,Banka,190
Bihar,10,Begusarai,191
Bihar,10,Bhagalpur,192
Bihar,10,Bhojpur,193
Bihar,10,Buxar,194
Bihar,10,Darbhanga,195
Bihar,10,Gaya,196
Bihar,10,Gopalganj,197
Bihar,10,Jamui,198
Bihar,10,Kaimur (Bhabua),200
Bihar,10,Kaimur,200
Bihar,10,Katihar,201
Bihar,10,Khagaria,202
Bihar,10,Kishanganj,203
Bihar,10,Lakhisarai,204
Bihar,10,Madhepura,205
Bihar,10,Madhubani,206
Bihar,10,Munger,207
Bihar,10,Muzaffarpur,208
Bihar,10,Nalanda,209
Bihar,10,Nawada,210
Bihar,10,Pashchim Champaran,211
Bihar,10,West Champaran,211
Bihar,10,Patna,212
Bihar,10,Purbi Champaran,213
Bihar,10,East Champaran,213
Bihar,10,Purnia,214
Bihar,10,Rohtas,215
Bihar,10,Saharsa,216
Bihar,10,Samastipur,217
Bihar,10,Saran,218
Bihar,10,Sheikhpura,219
Bihar,10,Sheohar,220
Bihar,10,Sitamarhi,221
Bihar,10,Siwan,222
Bihar,10,Supaul,223
Bihar,10,Vaishali,224
Bihar,10,Arwal,611
Bihar,10,Jehanabad,199
Chandigarh,4,Chandigarh,44
Chhattisgarh,22,Bastar,374
Chhattisgarh,22,Bijapur,636
Chhattisgarh,22,Bilaspur,375
Chhattisgarh,22,Dantewada,376
Chhattisgarh,22,Dakshin Bastar Dantewada,376
Chhattisgarh,22,Dhamtari,377
Chhattisgarh,22,Durg,378
Chhattisgarh,22,Gaurela Pendra Marwahi,734
Chhattisgarh,22,Janjgir-champa,379
Chhattisgarh,22,Janjgir Champa,379
Chhattisgarh,22,Jashpur,380
Chhattisgarh,22,Kanker,381
Chhattisgarh,22,Uttar Bastar Kanker,381
Chhattisgarh,22,Korba,383
Chhattisgarh,22,Korea,384
Chhattisgarh,22,Koriya,384
Chhattisgarh,22,Mahasamund,385
Chhattisgarh,22,Narayanpur,637
Chhattisgarh,22,Raigarh,386
Chhattisgarh,22,Raipur,387
Chhattisgarh,22,Rajnandgaon,388
Chhattisgarh,22,Surguja,389
Chhattisgarh,22,Kabirdham,382
Chhattisgarh,22,Kabeerdham,382
Chhattisgarh,22,Balod,646
Chhattisgarh,22,Balod Bazar,644
Chhattisgarh,22,Baloda Bazar,644
Chhattisgarh,22,Balrampur,649
Chhattisgarh,22,Bemetara,650
Chhattisgarh,22,Bametara,650
Chhattisgarh,22,Gariyaband,645
Chhattisgarh,22,Gariaband,645
Chhattisgarh,22,Kondagaon,643
Chhattisgarh,22,Mungeli,647
Chhattisgarh,22,Surajpur,648
Chhattisgarh,22,Sukma,642
Dadra and Nagar Haveli,38,Dadra and Nagar Haveli,465
Dadra and Nagar Haveli and Daman and Diu,38,Dadra and Nagar Haveli,465
Dadra and Nagar Haveli and Daman and Diu,38,Daman,463
Dadra and Nagar Haveli and Daman and Diu,38,Diu,464
Daman and Diu,25,Daman,463
Daman and Diu,25,Diu,464
Delhi,7,Central,77
Delhi,7,Central Delhi,77
Delhi,7,East,78
Delhi,7,East Delhi,78
Delhi,7,New Delhi,79
Delhi,7,North,80
Delhi,7,North Delhi,80
Delhi,7,North East,81
Delhi,7,North East Delhi,81
Delhi,7,North West,82
Delhi,7,North West Delhi,82
Delhi,7,South,83
Delhi,7,South Delhi,83
Delhi,7,South West,84
Delhi,7,South West Delhi,84
Delhi,7,West,85
Delhi,7,West Delhi,85
Delhi,7,South East,670
Delhi,7,South East Delhi,670
Delhi,7,Shahdara,671
Delhi,7,Delhi,77
Goa,30,North Goa,551
Goa,30,South Goa,552
Gujarat,24,Bhavnagar,443
Gujarat,24,Ahmadabad,438
Gujarat,24,Ahmedabad,438
Gujarat,24,Chhotaudepur,668
Gujarat,24,Chhota Udaipur,668
Gujarat,24,Botad,676
Gujarat,24,Vadodara,461
Gujarat,24,Arvalli,672
Gujarat,24,Aravalli,672
Gujarat,24,Sabar Kantha,458
Gujarat,24,Sabarkantha,458
Gujarat,24,Banas Kantha,441
Gujarat,24,Banaskantha,441
Gujarat,24,Surendranagar,460
Gujarat,24,Anand,440
Gujarat,24,Narmada,452
Gujarat,24,Amreli,439
Gujarat,24,Dohad,445
Gujarat,24,Dahod,445
Gujarat,24,Rajkot,457
Gujarat,24,Kachchh,449
Gujarat,24,Kutch,449
Gujarat,24,Dang,444
Gujarat,24,Mahesana,451
Gujarat,24,Mehsana,451
Gujarat,24,Patan,455
Gujarat,24,Bharuch,442
Gujarat,24,Gir Somnath,675
Gujarat,24,Junagadh,448
Gujarat,24,Devbhumi Dwarka,674
Gujarat,24,Navsari,453
Gujarat,24,Surat,459
Gujarat,24,Jamnagar,447
Gujarat,24,Tapi,641
Gujarat,24,Porbandar,456
Gujarat,24,Valsad,462
Gujarat,24,Gandhinagar,446
Gujarat,24,Mahisagar,669
Gujarat,24,Morbi,673
Gujarat,24,Panch Mahals,454
Gujarat,24,Panchmahal,454
Gujarat,24,Kheda,450
Haryana,6,Ambala,58
Haryana,6,Bhiwani,59
Haryana,6,Faridabad,60
Haryana,6,Fatehabad,61
Haryana,6,Gurugram,62
Haryana,6,Hisar,63
Haryana,6,Jhajjar,64
Haryana,6,Kaithal,66
Haryana,6,Karnal,67
Haryana,6,Kurukshetra,68
Haryana,6,Mahendragarh,69
Haryana,6,Nuh,604
Haryana,6,Palwal,619
Haryana,6,Panchkula,70
Haryana,6,Panipat,71
Haryana,6,Rewari,72
Haryana,6,Rohtak,73
Haryana,6,Sirsa,74
Haryana,6,Sonipat,75
Haryana,6,Yamunanagar,76
Haryana,6,Jind,65
Haryana,6,Charki Dadri,701
Haryana,6,Charkhi Dadri,701
Himachal Pradesh,2,Bilaspur,15
Himachal Pradesh,2,Chamba,16
Himachal Pradesh,2,Hamirpur,17
Himachal Pradesh,2,Kangra,18
Himachal Pradesh,2,Kinnaur,19
Himachal Pradesh,2,Kullu,20
Himachal Pradesh,2,Lahul and Spiti,21
Himachal Pradesh,2,Lahaul and Spiti,21
Himachal Pradesh,2,Mandi,22
Himachal Pradesh,2,Shimla,23
Himachal Pradesh,2,Sirmaur,24
Himachal Pradesh,2,Solan,25
Himachal Pradesh,2,Una,26
Jammu and Kashmir,1,Anantnag,1
Jammu and Kashmir,1,Badgam,2
Jammu and Kashmir,1,Budgam,2
Jammu and Kashmir,1,Bandipore,623
Jammu and Kashmir,1,Bandipora,623
Jammu and Kashmir,1,Baramula,3
Jammu and Kashmir,1,Baramulla,3
Jammu and Kashmir,1,Doda,4
Jammu and Kashmir,1,Ganderbal,626
Jammu and Kashmir,1,Jammu,5
Jammu and Kashmir,1,Kathua,7
Jammu and Kashmir,1,Kishtwar,620
Jammu and Kashmir,1,Kulgam,622
Jammu and Kashmir,1,Kupwara,8
Jammu and Kashmir,1,Pulwama,11
Jammu and Kashmir,1,Poonch,10
Jammu and Kashmir,1,Punch,10
Jammu and Kashmir,1,Rajauri,12
Jammu and Kashmir,1,Rajouri,12
Jammu and Kashmir,1,Ramban,621
Jammu and Kashmir,1,Resai,627
Jammu and Kashmir,1,Reasi,627
Jammu and Kashmir,1,Samba,624
Jammu and Kashmir,1,Shopian,625
Jammu and Kashmir,1,Shopiyan,625
Jammu and Kashmir,1,Srinagar,13
Jammu and Kashmir,1,Udhampur,14
Jharkhand,20,Bokaro,322
Jharkhand,20,Chatra,323
Jharkhand,20,Deoghar,324
Jharkhand,20,Dhanbad,325
Jharkhand,20,Dumka,326
Jharkhand,20,Garhwa,328
Jharkhand,20,Giridih,329
Jharkhand,20,Godda,330
Jharkhand,20,Gumla,331
Jharkhand,20,Hazaribagh,332
Jharkhand,20,Jamtara,333
Jharkhand,20,Khunti,606
Jharkhand,20,Koderma,334
Jharkhand,20,Latehar,335
Jharkhand,20,Lohardaga,336
Jharkhand,20,Pakur,337
Jharkhand,20,Palamu,338
Jharkhand,20,West Singhbhum,343
Jharkhand,20,East Singhbhum,327
Jharkhand,20,Ramgarh,607
Jharkhand,20,Ranchi,339
Jharkhand,20,Sahebganj,340
Jharkhand,20,Sahibganj,340
Jharkhand,20,Saraikela Kharsawan,341
Jharkhand,20,Saraikela-Kharsawan,341
Jharkhand,20,Simdega,342
Karnataka,29,Bagalkote,524
Karnataka,29,Bengaluru Rural,526
Karnataka,29,Bengaluru Urban,525
Karnataka,29,Belagavi,527
Karnataka,29,Ballari,528
Karnataka,29,Bidar,529
Karnataka,29,Vijayapura,530
Karnataka,29,"Cha,arajanagara",531
Karnataka,29,Chamarajanagara,531
Karnataka,29,Chikkaballapura,630
Karnataka,29,Chikkamagaluru,532
Karnataka,29,Chitradurga,533
Karnataka,29,Dakshina Kannada,534
Karnataka,29,Davangere,535
Karnataka,29,Davanagere,535
Karnataka,29,Dharwad,536
Karnataka,29,Gadag,537
Karnataka,29,Kalaburagi,538
Karnataka,29,Hassan,539
Karnataka,29,Haveri,540
Karnataka,29,Kodagu,541
Karnataka,29,Kolar,542
Karnataka,29,Koppal,543
Karnataka,29,Mandya,544
Karnataka,29,Mysuru,545
Karnataka,29,Raichur,546
Karnataka,29,Ramanagara,631
Karnataka,29,Shivamogga,547
Karnataka,29,Tumakuru,548
Karnataka,29,Udupi,549
Karnataka,29,Uttara Kannada,550
Karnataka,29,Yadgir,635
Kerala,32,Alappuzha,554
Kerala,32,Ernakulam,555
Kerala,32,Idukki,556
Kerala,32,Kannur,557
Kerala,32,Kasaragod,558
Kerala,32,Kollam,559
Kerala,32,Kottayam,560
Kerala,32,Kohzikode,561
Kerala,32,Kozhikode,561
Kerala,32,Malappuram,562
Kerala,32,Palakkad,563
Kerala,32,Pathanamthitta,564
Kerala,32,Thiruvananthapuram,565
Kerala,32,Thrissur,566
Kerala,32,Wayanad,567
Ladakh,37,Kargil,6
Ladakh,37,Leh Ladakh,9
Ladakh,37,Leh,9
Lakshadweep,31,Lakshadweep District,553
Lakshadweep,31,Lakshadweep,553
Madhya Pradesh,23,Raigarh,386
Madhya Pradesh,23,Alirajpur,639
Madhya Pradesh,23,Anuppur,390
Madhya Pradesh,23,Ashoknagar,391
Madhya Pradesh,23,Balaghat,392
Madhya Pradesh,23,Barwani,393
Madhya Pradesh,23,Betul,394
Madhya Pradesh,23,Bhind,395
Madhya Pradesh,23,Bhopal,396
Madhya Pradesh,23,Burhanpur,397
Madhya Pradesh,23,Chhatarpur,398
Madhya Pradesh,23,Chhindwara,399
Madhya Pradesh,23,Damoh,400
Madhya Pradesh,23,Datia,401
Madhya Pradesh,23,Dewas,402
Madhya Pradesh,23,Dhar,403
Madhya Pradesh,23,Dindori,404
Madhya Pradesh,23,East Nimar,405
Madhya Pradesh,23,Khandwa,405
Madhya Pradesh,23,Guna,406
Madhya Pradesh,23,Gwalior,407
Madhya Pradesh,23,Harda,408
Madhya Pradesh,23,Hoshangabad,409
Madhya Pradesh,23,Indore,410
Madhya Pradesh,23,Jabalpur,411
Madhya Pradesh,23,Jhabua,412
Madhya Pradesh,23,Katni,413
Madhya Pradesh,23,Mandsaur,416
Madhya Pradesh,23,Morena,417
Madhya Pradesh,23,Narsimhapur,418
Madhya Pradesh,23,Narsinghpur,418
Madhya Pradesh,23,Neemuch,419
Madhya Pradesh,23,Panna,420
Madhya Pradesh,23,Raisen,421
Madhya Pradesh,23,Rajgarh,422
Madhya Pradesh,23,Rewa,424
Madhya Pradesh,23,Sagar,425
Madhya Pradesh,23,Satna,426
Madhya Pradesh,23,Sehore,427
Madhya Pradesh,23,Seoni,428
Madhya Pradesh,23,Shahdol,429
Madhya Pradesh,23,Shajapur,430
Madhya Pradesh,23,Sheopur,431
Madhya Pradesh,23,Shivpuri,432
Madhya Pradesh,23,Sidhi,433
Madhya Pradesh,23,Singrauli,638
Madhya Pradesh,23,Tikamgarh,434
Madhya Pradesh,23,Ujjain,435
Madhya Pradesh,23,Umaria,436
Madhya Pradesh,23,Vidisha,437
Madhya Pradesh,23,Khargone,414
Madhya Pradesh,23,Niwari,722
Madhya Pradesh,23,Agar Malwa,667
Madhya Pradesh,23,Mandla,415
Madhya Pradesh,23,Ratlam,423
Maharashtra,27,Ahmadnagar,466
Maharashtra,27,Ahmednagar,466
Maharashtra,27,Akola,467
Maharashtra,27,Amravati,468
Maharashtra,27,Aurangabad,469
Maharashtra,27,Bhandara,471
Maharashtra,27,Beed,470
Maharashtra,27,Buldana,472
Maharashtra,27,Buldhana,472
Maharashtra,27,Chandrapur,473
Maharashtra,27,Dhule,474
Maharashtra,27,Gadchiroli,475
Maharashtra,27,Gondia,476
Maharashtra,27,Hingoli,477
Maharashtra,27,Jalgaon,478
Maharashtra,27,Jalna,479
Maharashtra,27,Kolhapur,480
Maharashtra,27,Latur,481
Maharashtra,27,Mumbai,482
Maharashtra,27,Mumbai Suburban,483
Maharashtra,27,Nagpur,484
Maharashtra,27,Nanded,485
Maharashtra,27,Nandurbar,486
Maharashtra,27,Nashik,487
Maharashtra,27,Osmanabad,488
Maharashtra,27,Parbhani,489
Maharashtra,27,Pune,490
Maharashtra,27,Raigarh,491
Maharashtra,27,Raigad,491
Maharashtra,27,Ratnagiri,492
Maharashtra,27,Sangli,493
Maharashtra,27,Satara,494
Maharashtra,27,Sindhudurg,495
Maharashtra,27,Solapur,496
Maharashtra,27,Palghar,665
Maharashtra,27,Wardha,498
Maharashtra,27,Washim,499
Maharashtra,27,Yavatmal,500
Maharashtra,27,Thane,497
Manipur,14,Bishnupur,252
Manipur,14,Chandel,253
Manipur,14,Churachandpur,254
Manipur,14,Imphal West,256
Manipur,14,Jiribum,713
Manipur,14,Jiribam,713
Manipur,14,Senapati,257
Manipur,14,Tamenglong,258
Manipur,14,Thoubal,259
Manipur,14,Kamjong,717
Manipur,14,Kangpokpi,712
Manipur,14,Pherzawal,715
Manipur,14,Pherzawl,715
Manipur,14,Tengnoupal,716
Manipur,14,Ukhrul,260
Manipur,14,Kakching,711
Manipur,14,Imphal East,255
Manipur,14,Noney,714
Meghalaya,17,East Garo Hills,273
Meghalaya,17,East Khasi Hills,274
Meghalaya,17,East Jaintia Hills,657
Meghalaya,17,Ri Bhoi,276
Meghalaya,17,Ribhoi,276
Meghalaya,17,Ri-Bhoi,276
Meghalaya,17,South Garo Hills,277
Meghalaya,17,West Garo Hills,278
Meghalaya,17,West Khasi Hills,279
Meghalaya,17,South West Khasi Hills,658
Meghalaya,17,South West Garo Hills,663
Meghalaya,17,North Garo Hills,656
Meghalaya,17,West Jaintia Hills,275
Mizoram,15,Aizawal,261
Mizoram,15,Aizawl,261
Mizoram,15,Champhai,262
Mizoram,15,Kolasib,263
Mizoram,15,Lawngtlai,264
Mizoram,15,Lunglei,265
Mizoram,15,Mamit,266
Mizoram,15,Saiha,267
Mizoram,15,Serchhip,268
Mizoram,15,Saitual,727
Mizoram,15,Khawzawl,728
Mizoram,15,Hnahthial,726
Nagaland,13,Dimapur,244
Nagaland,13,Kiphire,614
Nagaland,13,Kohima,245
Nagaland,13,Longleng,615
Nagaland,13,Mokokchung,246
Nagaland,13,Mon,247
Nagaland,13,Peren,613
Nagaland,13,Phek,248
Nagaland,13,Tuensang,249
Nagaland,13,Wokha,250
Nagaland,13,Zunheboto,251
Odisha,21,Anugul,344
Odisha,21,Angul,344
Odisha,21,Balangir,345
Odisha,21,Baleshwar,346
Odisha,21,Balasore,346
Odisha,21,Bargarh,347
Odisha,21,Boudh,349
Odisha,21,Bhadrak,348
Odisha,21,Cuttack,350
Odisha,21,Deogarh,351
Odisha,21,Dhenkanal,352
Odisha,21,Gajapati,353
Odisha,21,Ganjam,354
Odisha,21,Jagatsinghpur,355
Odisha,21,Jajapur,356
Odisha,21,Jajpur,356
Odisha,21,Jharsuguda,357
Odisha,21,Kalahandi,358
Odisha,21,Kandhamal,359
Odisha,21,Kendrapara,360
Odisha,21,Kendujhar,361
Odisha,21,Khordha,362
Odisha,21,Koraput,363
Odisha,21,Malkangiri,364
Odisha,21,Mayurbhanj,365
Odisha,21,Nabarangpur,366
Odisha,21,Nabarangapur,366
Odisha,21,Nayagarh,367
Odisha,21,Nuapada,368
Odisha,21,Puri,369
Odisha,21,Rayagada,370
Odisha,21,Sambalpur,371
Odisha,21,Sonepur,372
Odisha,21,Subarnapur,372
Odisha,21,Sundargarh,373
Puducherry,34,Mahe,599
Puducherry,34,Karaikal,598
Puducherry,34,Pondicherry,600
Puducherry,34,Puducherry,600
Puducherry,34,Yanam,601
Punjab,3,Amritsar,27
Punjab,3,Barnala,605
Punjab,3,Bathinda,28
Punjab,3,Faridkot,29
Punjab,3,Fatehgarh Sahib,30
Punjab,3,Fazilka,651
Punjab,3,Gurdaspur,32
Punjab,3,Hoshiarpur,33
Punjab,3,Jalandhar,34
Punjab,3,Kapurthala,35
Punjab,3,Ludhiana,36
Punjab,3,Mansa,37
Punjab,3,Moga,38
Punjab,3,Sri Muktsar Sahib,39
Punjab,3,Patiala,41
Punjab,3,Rupnagar,42
Punjab,3,S.A.S Nagar,608
Punjab,3,S.A.S. Nagar,608
Punjab,3,Sangrur,43
Punjab,3,Shahid Bhagat Singh Nagar,40
Punjab,3,Tarn Taran,609
Punjab,3,Pathankot,662
Punjab,3,Firozpur,31
Punjab,3,Ferozepur,31
Rajasthan,8,Ajmer,86
Rajasthan,8,Alwar,87
Rajasthan,8,Banswara,88
Rajasthan,8,Baran,89
Rajasthan,8,Barmer,90
Rajasthan,8,Bharatpur,91
Rajasthan,8,Bhilwara,92
Rajasthan,8,Bikaner,93
Rajasthan,8,Bundi,94
Rajasthan,8,Chittorgarh,95
Rajasthan,8,Churu,96
Rajasthan,8,Dholpur,98
Rajasthan,8,Dungarpur,99
Rajasthan,8,Ganganagar,100
Rajasthan,8,Hanumangarh,101
Rajasthan,8,Jaipur,102
Rajasthan,8,Jaisalmer,103
Rajasthan,8,Jalore,104
Rajasthan,8,Jhalawar,105
Rajasthan,8,Jhunjhunu,106
Rajasthan,8,Jodhpur,107
Rajasthan,8,Kota,109
Rajasthan,8,Nagaur,110
Rajasthan,8,Pali,111
Rajasthan,8,Pratapgarh,629
Rajasthan,8,Rajsamand,112
Rajasthan,8,Sikar,114
Rajasthan,8,Sirohi,115
Rajasthan,8,Tonk,116
Rajasthan,8,Udaipur,117
Rajasthan,8,Dausa,97
Rajasthan,8,Karauli,108
Rajasthan,8,Sawai Madhopur,113
Sikkim,11,East District,225
Sikkim,11,East Sikkim,225
Sikkim,11,North District,226
Sikkim,11,North Sikkim,226
Sikkim,11,South District,227
Sikkim,11,South Sikkim,227
Sikkim,11,West District,228
Sikkim,11,West Sikkim,228
Tamil Nadu,33,Ariyalur,610
Tamil Nadu,33,Chennai,568
Tamil Nadu,33,Coimbatore,569
Tamil Nadu,33,Cuddalore,570
Tamil Nadu,33,Chengalpattu,730
Tamil Nadu,33,Dharmapuri,571
Tamil Nadu,33,Dindigul,572
Tamil Nadu,33,Erode,573
Tamil Nadu,33,Kanchipuram,574
Tamil Nadu,33,Kancheepuram,574
Tamil Nadu,33,Kanniyakumari,575
Tamil Nadu,33,Kanyakumari,575
Tamil Nadu,33,Karur,576
Tamil Nadu,33,Krishnagiri,577
Tamil Nadu,33,Madurai,578
Tamil Nadu,33,Mayiladuthurai,578
Tamil Nadu,33,Namakkal,580
Tamil Nadu,33,Perambalur,581
Tamil Nadu,33,Pudukkottai,582
Tamil Nadu,33,Ramanathapuram,583
Tamil Nadu,33,Salem,584
Tamil Nadu,33,Sivaganga,585
Tamil Nadu,33,Thanjavur,586
Tamil Nadu,33,The Nilgiris,587
Tamil Nadu,33,Nilgiris,587
Tamil Nadu,33,Ranipet,731
Tamil Nadu,33,Theni,588
Tamil Nadu,33,Thiruvallur,589
Tamil Nadu,33,Thiruvarur,590
Tamil Nadu,33,Tuticorin,594
Tamil Nadu,33,Tiruchirappalli,591
Tamil Nadu,33,Tirunelveli,592
Tamil Nadu,33,Tiruppur,634
Tamil Nadu,33,Tirupathur,732
Tamil Nadu,33,Tenkasi,733
Tamil Nadu,33,Thoothukkudi,594
Tamil Nadu,33,Tiruvannamalai,593
Tamil Nadu,33,Vellore,595
Tamil Nadu,33,Villupuram,596
Tamil Nadu,33,Viluppuram,596
Tamil Nadu,33,Virudhunagar,597
Tamil Nadu,33,Nagapattinam,579
Telangana,36,Mulugu,720
Telangana,36,Adilabad,501
Telangana,36,Bhadradri Kothagudem,690
Telangana,36,Hyderabad,507
Telangana,36,Jagtial,681
Telangana,36,Jangoan,689
Telangana,36,Jangaon,689
Telangana,36,Jayashankar Bhupalpally,687
Telangana,36,Jayashankar Bhupalapally,687
Telangana,36,Jogulamba Gadwal,695
Telangana,36,Kamareddy,685
Telangana,36,Karimnagar,508
Telangana,36,Khammam,509
Telangana,36,Kumurambheem Asifabad,699
Telangana,36,Komaram Bheem,699
Telangana,36,Mahabubabad,688
Telangana,36,Mahabubnagar,512
Telangana,36,Mancherial,684
Telangana,36,Medak,513
Telangana,36,Medchal Malkajgiri,700
Telangana,36,Nagarkurnool,694
Telangana,36,Nalgonda,514
Telangana,36,Nirmal,680
Telangana,36,Nizamabad,516
Telangana,36,Peddapalli,682
Telangana,36,Rajanna Sircilla,683
Telangana,36,Rangareddy,518
Telangana,36,Ranga Reddy,518
Telangana,36,Sangareddy,691
Telangana,36,Siddipet,692
Telangana,36,Suryapet,696
Telangana,36,Vikarabad,698
Telangana,36,Wanaparthy,693
Telangana,36,Warangal_Rural,522
Telangana,36,Warangal Rural,522
Telangana,36,Warangal_Urban,686
Telangana,36,Warangal Urban,522
Telangana,36,Yadadri Bhuvanagiri,697
Telangana,36,Narayanpet,721
Tripura,16,Dhalai,269
Tripura,16,North Tripura,270
Tripura,16,Gomati,654
Tripura,16,Khowai,652
Tripura,16,Sepahijala,653
Tripura,16,Sipahijala,653
Tripura,16,West Tripura,272
Tripura,16,Unakoti,655
Tripura,16,Unokoti,655
Tripura,16,South Tripura,271
Uttar Pradesh,9,Agra,118
Uttar Pradesh,9,Ayodhya,140
Uttar Pradesh,9,Bareilly,130
Uttar Pradesh,9,Etah,138
Uttar Pradesh,9,Shahjahanpur,180
Uttar Pradesh,9,Pilibhit,173
Uttar Pradesh,9,Prayagraj,120
Uttar Pradesh,9,Pratapgarh,174
Uttar Pradesh,9,Jhansi,153
Uttar Pradesh,9,Jalaun,151
Uttar Pradesh,9,Jaunpur,152
Uttar Pradesh,9,Mirzapur,170
Uttar Pradesh,9,Sonbhadra,184
Uttar Pradesh,9,Azamgarh,123
Uttar Pradesh,9,Gorakhpur,148
Uttar Pradesh,9,Kushinagar,160
Uttar Pradesh,9,Basti,131
Uttar Pradesh,9,Sitapur,183
Uttar Pradesh,9,Unnao,186
Uttar Pradesh,9,Sultanpur,185
Uttar Pradesh,9,Balrampur,127
Uttar Pradesh,9,Amethi,640
Uttar Pradesh,9,Barabanki,129
Uttar Pradesh,9,Bahraich,125
Uttar Pradesh,9,Chitrakoot,136
Uttar Pradesh,9,Hamirpur,149
Uttar Pradesh,9,Mahoba,165
Uttar Pradesh,9,Banda,128
Uttar Pradesh,9,Baghpat,124
Uttar Pradesh,9,Kanpur Nagar,157
Uttar Pradesh,9,Sant Kabeer Nagar,178
Uttar Pradesh,9,Sant Kabir Nagar,178
Uttar Pradesh,9,Ghaziabad,145
Uttar Pradesh,9,Kaushambi,158
Uttar Pradesh,9,Muzaffarnagar,172
Uttar Pradesh,9,Bulandshahr,134
Uttar Pradesh,9,Gautam Buddha Nagar,144
Uttar Pradesh,9,Meerut,169
Uttar Pradesh,9,Saharanpur,177
Uttar Pradesh,9,Aligarh,119
Uttar Pradesh,9,Mathura,167
Uttar Pradesh,9,Firozabad,143
Uttar Pradesh,9,Mainpuri,166
Uttar Pradesh,9,Hathras,163
Uttar Pradesh,9,Budaun,133
Uttar Pradesh,9,Moradabad,171
Uttar Pradesh,9,Rampur,176
Uttar Pradesh,9,Amroha,154
Uttar Pradesh,9,Bijnor,132
Uttar Pradesh,9,Kanpur Dehat,156
Uttar Pradesh,9,Etawah,139
Uttar Pradesh,9,Farrukhabad,141
Uttar Pradesh,9,Kannauj,155
Uttar Pradesh,9,Auraiya,122
Uttar Pradesh,9,Lalitpur,161
Uttar Pradesh,9,Varanasi,187
Uttar Pradesh,9,Ghazipur,146
Uttar Pradesh,9,Chandauli,135
Uttar Pradesh,9,Bhadohi,179
Uttar Pradesh,9,Mau,168
Uttar Pradesh,9,Ballia,126
Uttar Pradesh,9,Maharajganj,164
Uttar Pradesh,9,Deoria,137
Uttar Pradesh,9,Rae Bareli,175
Uttar Pradesh,9,Hardoi,150
Uttar Pradesh,9,Siddharth Nagar,182
Uttar Pradesh,9,Siddharthnagar,182
Uttar Pradesh,9,Lucknow,162
Uttar Pradesh,9,Faizabad,140
Uttar Pradesh,9,Kasganj,633
Uttar Pradesh,9,Ambedkar Nagar,121
Uttar Pradesh,9,Hapur,661
Uttar Pradesh,9,Shamli,660
Uttar Pradesh,9,Sambhal,659
Uttar Pradesh,9,Fatehpur,142
Uttar Pradesh,9,Gonda,147
Uttar Pradesh,9,Kheri,159
Uttar Pradesh,9,Lakhimpur Kheri,159
Uttar Pradesh,9,Shravasti,181
Uttar Pradesh,9,Shrawasti,181
Uttarakhand,5,Almora,45
Uttarakhand,5,Bageshwar,46
Uttarakhand,5,Chamoli,47
Uttarakhand,5,Champawat,48
Uttarakhand,5,Dehradun,49
Uttarakhand,5,Pauri Garhwal,52
Uttarakhand,5,Haridwar,50
Uttarakhand,5,Nainital,51
Uttarakhand,5,Pithoragarh,53
Uttarakhand,5,Rudraprayag,54
Uttarakhand,5,Tehri Garhwal,55
Uttarakhand,5,U.S.Nagar,56
Uttarakhand,5,Uttarkashi,57
Uttrakhand,5,Almora,45
Uttrakhand,5,Bageshwar,46
Uttrakhand,5,Chamoli,47
Uttrakhand,5,Champawat,48
Uttrakhand,5,Dehradun,49
Uttrakhand,5,Pauri Garhwal,52
Uttrakhand,5,Haridwar,50
Uttrakhand,5,Nainital,51
Uttrakhand,5,Pithoragarh,53
Uttrakhand,5,Rudra Prayag,54
Uttrakhand,5,Tehri Garhwal,55
Uttrakhand,5,Udam Singh Nagar,56
Uttrakhand,5,Uttar Kashi,57
West Bengal,19,Bankura,305
West Bengal,19,Purba Bardhaman,306
West Bengal,19,Birbhum,307
West Bengal,19,Dinajpur Dakshin,310
West Bengal,19,Dakshin Dinajpur,310
West Bengal,19,Darjiling,309
West Bengal,19,Darjeeling,309
West Bengal,19,Howrah,313
West Bengal,19,Hooghly,312
West Bengal,19,Jalpaiguri,314
West Bengal,19,Coochbehar,308
West Bengal,19,Cooch Behar,308
West Bengal,19,Kolkata,315
West Bengal,19,Maldah,316
West Bengal,19,Malda,316
West Bengal,19,Murshidabad,319
West Bengal,19,Nadia,320
West Bengal,19,24 Paraganas North,303
West Bengal,19,North 24 Parganas,303
West Bengal,19,Medinipur West,318
West Bengal,19,Paschim Medinipur,318
West Bengal,19,Medinipur East,317
West Bengal,19,Purba Medinipur,317
West Bengal,19,Puruliya,321
West Bengal,19,Purulia,321
West Bengal,19,24 Paraganas South,304
West Bengal,19,South 24 Parganas,304
West Bengal,19,Dinajpur Uttar,311
West Bengal,19,Uttar Dinajpur,311
West Bengal,19,Paschim Bardhaman,704
West Bengal,19,Kalimpong,702
West Bengal,19,Jhargram,703
West Bengal,19,Alipurduar,664
