state_code,state_name,district_name,district_name_covid,district_code
31,Lakshadweep,Lakshadweep District,Lakshadweep District,553
28,Andhra Pradesh,Srikakulam,Srikakulam,519
28,Andhra Pradesh,Vizianagaram,Vizianagaram,521
28,Andhra Pradesh,Visakhapatnam,Visakhapatnam,520
28,Andhra Pradesh,Krishna,Krishna,510
28,Andhra Pradesh,Guntur,Guntur,506
28,Andhra Pradesh,East Godavari,East Godavari,505
28,Andhra Pradesh,Prakasam,Prakasam,517
28,Andhra Pradesh,Kurnool,Kurnool,511
28,Andhra Pradesh,Anantapur,Anantapur,502
28,Andhra Pradesh,SPSR Nellore,SPSR Nellore,515
28,Andhra Pradesh,S.P.S. Nellore,S.P.S. Nellore,515
28,Andhra Pradesh,West Godavari,West Godavari,523
28,Andhra Pradesh,Y.S.R.,Y.S.R. Kadapa,504
28,Andhra Pradesh,Chittoor,Chittoor,503
28,Andhra Pradesh,Other State,Other State,
28,Andhra Pradesh,,,
35,Andaman and Nicobar Islands,Nicobars,Nicobars,603
35,Andaman and Nicobar Islands,South Andamans,South Andamans,602
35,Andaman and Nicobar Islands,North & Middle Andaman,North & Middle Andaman,632
35,Andaman and Nicobar Islands,,,
12,Arunachal Pradesh,Anjaw,Anjaw,628
12,Arunachal Pradesh,Changlang,Changlang,229
12,Arunachal Pradesh,Dibang Valley,Upper Dibang Valley,230
12,Arunachal Pradesh,East Kameng,East Kameng,231
12,Arunachal Pradesh,East Siang,East Siang,232
12,Arunachal Pradesh,Kurung Kumey,Kurung Kumey,233
12,Arunachal Pradesh,Lohit,Lohit,234
12,Arunachal Pradesh,Lower Dibang Valley,Lower Dibang Valley,235
12,Arunachal Pradesh,Lower Subansiri,Lower Subansiri,236
12,Arunachal Pradesh,Papum Pare,Papum Pare,237
12,Arunachal Pradesh,Tawang,Tawang,238
12,Arunachal Pradesh,Tirap,Tirap,239
12,Arunachal Pradesh,Upper Siang,Upper Siang,240
12,Arunachal Pradesh,Upper Subansiri,Upper Subansiri,241
12,Arunachal Pradesh,West Kameng,West Kameng,242
12,Arunachal Pradesh,West Siang,West Siang,243
12,Arunachal Pradesh,Kra Daadi,Kra Daadi,677
12,Arunachal Pradesh,Pakke Kessang,Pakke Kessang,723
12,Arunachal Pradesh,Kamle,Kamle,718
12,Arunachal Pradesh,Leparada,Lepa Rada,724
12,Arunachal Pradesh,Longding,Longding,666
12,Arunachal Pradesh,Lower Siang,Lower Siang,719
12,Arunachal Pradesh,Namsai,Namsai,678
12,Arunachal Pradesh,Shi Yomi,Shi Yomi,725
12,Arunachal Pradesh,Siang,Siang,679
12,Arunachal Pradesh,,Capital Complex,
18,Assam,Baksa,Baksa,616
18,Assam,Barpeta,Barpeta,280
18,Assam,Bongaigaon,Bongaigaon,281
18,Assam,Cachar,Cachar,282
18,Assam,Chirang,Chirang,612
18,Assam,Darrang,Darrang,283
18,Assam,Dhemaji,Dhemaji,284
18,Assam,Dhubri,Dhubri,285
18,Assam,Dibrugarh,Dibrugarh,286
18,Assam,Goalpara,Goalpara,287
18,Assam,Golaghat,Golaghat,288
18,Assam,Hailakandi,Hailakandi,289
18,Assam,Jorhat,Jorhat,290
18,Assam,Kamrup,Kamrup,291
18,Assam,Kamrup Metro,Kamrup Metro,618
18,Assam,Karbi Anglong,Karbi Anglong,292
18,Assam,Karimganj,Karimganj,293
18,Assam,Kokrajhar,Kokrajhar,294
18,Assam,Lakhimpur,Lakhimpur,295
18,Assam,Marigaon,Marigaon,296
18,Assam,Nagaon,Nagaon,297
18,Assam,Nalbari,Nalbari,298
18,Assam,Dima Hasao,Dima Hasao,299
18,Assam,Sivasagar,Sivasagar,300
18,Assam,Sonitpur,Sonitpur,301
18,Assam,Tinsukia,Tinsukia,302
18,Assam,Udalguri,Udalguri,617
18,Assam,Biswanath,Biswanath,705
18,Assam,Charaideo,Charaideo,708
18,Assam,Hojai,Hojai,709
18,Assam,Majuli,Majuli,706
18,Assam,South Salmara Mancachar,South Salmara Mancachar,707
18,Assam,West Karbi Anglong,West Karbi Anglong,710
18,Assam,,,
10,Bihar,Araria,Araria,188
10,Bihar,Aurangabad,Aurangabad,189
10,Bihar,Banka,Banka,190
10,Bihar,Begusarai,Begusarai,191
10,Bihar,Bhagalpur,Bhagalpur,192
10,Bihar,Bhojpur,Bhojpur,193
10,Bihar,Buxar,Buxar,194
10,Bihar,Darbhanga,Darbhanga,195
10,Bihar,Gaya,Gaya,196
10,Bihar,Gopalganj,Gopalganj,197
10,Bihar,Jamui,Jamui,198
10,Bihar,Kaimur (Bhabua),Kaimur,200
10,Bihar,Katihar,Katihar,201
10,Bihar,Khagaria,Khagaria,202
10,Bihar,Kishanganj,Kishanganj,203
10,Bihar,Lakhisarai,Lakhisarai,204
10,Bihar,Madhepura,Madhepura,205
10,Bihar,Madhubani,Madhubani,206
10,Bihar,Munger,Munger,207
10,Bihar,Muzaffarpur,Muzaffarpur,208
10,Bihar,Nalanda,Nalanda,209
10,Bihar,Nawada,Nawada,210
10,Bihar,Pashchim Champaran,West Champaran,211
10,Bihar,Patna,Patna,212
10,Bihar,Purbi Champaran,East Champaran,213
10,Bihar,Purnia,Purnia,214
10,Bihar,Rohtas,Rohtas,215
10,Bihar,Saharsa,Saharsa,216
10,Bihar,Samastipur,Samastipur,217
10,Bihar,Saran,Saran,218
10,Bihar,Sheikhpura,Sheikhpura,219
10,Bihar,Sheohar,Sheohar,220
10,Bihar,Sitamarhi,Sitamarhi,221
10,Bihar,Siwan,Siwan,222
10,Bihar,Supaul,Supaul,223
10,Bihar,Vaishali,Vaishali,224
10,Bihar,Arwal,Arwal,611
10,Bihar,Jehanabad,Jehanabad,199
10,Bihar,,,
4,Chandigarh,Chandigarh,Chandigarh,44
22,Chhattisgarh,Bastar,Bastar,374
22,Chhattisgarh,Bijapur,Bijapur,636
22,Chhattisgarh,Bilaspur,Bilaspur,375
22,Chhattisgarh,Dantewada,Dakshin Bastar Dantewada,376
22,Chhattisgarh,Dhamtari,Dhamtari,377
22,Chhattisgarh,Durg,Durg,378
22,Chhattisgarh,Janjgir-Champa,Janjgir Champa,379
22,Chhattisgarh,Jashpur,Jashpur,380
22,Chhattisgarh,Kanker,Uttar Bastar Kanker,381
22,Chhattisgarh,Korba,Korba,383
22,Chhattisgarh,Korea,Koriya,384
22,Chhattisgarh,Mahasamund,Mahasamund,385
22,Chhattisgarh,Narayanpur,Narayanpur,637
22,Chhattisgarh,Raigarh,Raigarh,386
22,Chhattisgarh,Raipur,Raipur,387
22,Chhattisgarh,Rajnandgaon,Rajnandgaon,388
22,Chhattisgarh,Surguja,Surguja,389
22,Chhattisgarh,Kabirdham,Kabeerdham,382
22,Chhattisgarh,Balod,Balod,646
22,Chhattisgarh,Baloda Bazar,Baloda Bazar,644
22,Chhattisgarh,Balrampur,Balrampur,649
22,Chhattisgarh,Bemetara,Bametara,650
22,Chhattisgarh,Gariyaband,Gariaband,645
22,Chhattisgarh,Kondagaon,Kondagaon,643
22,Chhattisgarh,Mungeli,Mungeli,647
22,Chhattisgarh,Surajpur,Surajpur,648
22,Chhattisgarh,Sukma,Sukma,642
22,Chhattisgarh,Gaurella Pendra Marwahi,Gaurela Pendra Marwahi,734
22,Chhattisgarh,,,
26,Dadra and Nagar Haveli and Daman and Diu,Dadra and Nagar Haveli,Dadra and Nagar Haveli,465
25,Dadra and Nagar Haveli and Daman and Diu,Daman,Daman,463
25,Dadra and Nagar Haveli and Daman and Diu,Diu,Diu,464
7,Delhi,Central,Central,77
7,Delhi,Delhi,Delhi,77
7,Delhi,East,East,78
7,Delhi,New Delhi,New Delhi,79
7,Delhi,North,North,80
7,Delhi,North East,North East,81
7,Delhi,North West,North West,82
7,Delhi,South,South,83
7,Delhi,South West,South West,84
7,Delhi,West,West,85
7,Delhi,South East,South East,670
7,Delhi,Shahdara,Shahdara,671
30,Goa,North Goa,North Goa,551
30,Goa,South Goa,South Goa,552
24,Gujarat,Bhavnagar,Bhavnagar,443
24,Gujarat,Ahmadabad,Ahmedabad,438
24,Gujarat,Chhotaudepur,Chhota Udaipur,668
24,Gujarat,Botad,Botad,676
24,Gujarat,Vadodara,Vadodara,461
24,Gujarat,Arvalli,Aravalli,672
24,Gujarat,Sabar Kantha,Sabarkantha,458
24,Gujarat,Banas Kantha,Banaskantha,441
24,Gujarat,Surendranagar,Surendranagar,460
24,Gujarat,Anand,Anand,440
24,Gujarat,Narmada,Narmada,452
24,Gujarat,Amreli,Amreli,439
24,Gujarat,Dohad,Dohad,445
24,Gujarat,Dahod,Dahod,445
24,Gujarat,Rajkot,Rajkot,457
24,Gujarat,Kachchh,Kutch,449
24,Gujarat,Dang,Dang,444
24,Gujarat,Mahesana,Mehsana,451
24,Gujarat,Patan,Patan,455
24,Gujarat,Bharuch,Bharuch,442
24,Gujarat,Gir Somnath,Gir Somnath,675
24,Gujarat,Junagadh,Junagadh,448
24,Gujarat,Devbhumi Dwarka,Devbhumi Dwarka,674
24,Gujarat,Navsari,Navsari,453
24,Gujarat,Surat,Surat,459
24,Gujarat,Jamnagar,Jamnagar,447
24,Gujarat,Tapi,Tapi,641
24,Gujarat,Porbandar,Porbandar,456
24,Gujarat,Valsad,Valsad,462
24,Gujarat,Gandhinagar,Gandhinagar,446
24,Gujarat,Mahisagar,Mahisagar,669
24,Gujarat,Morbi,Morbi,673
24,Gujarat,Panch Mahals,Panchmahal,454
24,Gujarat,Kheda,Kheda,450
30,Goa,,,
6,Haryana,Ambala,Ambala,58
6,Haryana,Bhiwani,Bhiwani,59
6,Haryana,Faridabad,Faridabad,60
6,Haryana,Fatehabad,Fatehabad,61
6,Haryana,Gurugram,Gurugram,62
6,Haryana,Hisar,Hisar,63
6,Haryana,Jhajjar,Jhajjar,64
6,Haryana,Kaithal,Kaithal,66
6,Haryana,Karnal,Karnal,67
6,Haryana,Kurukshetra,Kurukshetra,68
6,Haryana,Mahendragarh,Mahendragarh,69
6,Haryana,Nuh,Nuh,604
6,Haryana,Palwal,Palwal,619
6,Haryana,Panchkula,Panchkula,70
6,Haryana,Panipat,Panipat,71
6,Haryana,Rewari,Rewari,72
6,Haryana,Rohtak,Rohtak,73
6,Haryana,Sirsa,Sirsa,74
6,Haryana,Sonipat,Sonipat,75
6,Haryana,Yamunanagar,Yamunanagar,76
6,Haryana,Jind,Jind,65
6,Haryana,Charki Dadri,Charkhi Dadri,701
6,Haryana,,,
2,Himachal Pradesh,Bilaspur,Bilaspur,15
2,Himachal Pradesh,Chamba,Chamba,16
2,Himachal Pradesh,Hamirpur,Hamirpur,17
2,Himachal Pradesh,Kangra,Kangra,18
2,Himachal Pradesh,Kinnaur,Kinnaur,19
2,Himachal Pradesh,Kullu,Kullu,20
2,Himachal Pradesh,Lahul and Spiti,Lahaul and Spiti,21
2,Himachal Pradesh,Mandi,Mandi,22
2,Himachal Pradesh,Shimla,Shimla,23
2,Himachal Pradesh,Sirmaur,Sirmaur,24
2,Himachal Pradesh,Solan,Solan,25
2,Himachal Pradesh,Una,Una,26
1,Jammu And Kashmir,Anantnag,Anantnag,1
1,Jammu And Kashmir,Budgam,Budgam,2
1,Jammu And Kashmir,Bandipora,Bandipora,623
1,Jammu And Kashmir,Baramulla,Baramulla,3
1,Jammu And Kashmir,Doda,Doda,4
1,Jammu And Kashmir,Ganderbal,Ganderbal,626
1,Jammu And Kashmir,Jammu,Jammu,5
1,Jammu And Kashmir,Kathua,Kathua,7
1,Jammu And Kashmir,Kishtwar,Kishtwar,620
1,Jammu And Kashmir,Kulgam,Kulgam,622
1,Jammu And Kashmir,Kupwara,Kupwara,8
1,Jammu And Kashmir,Pulwama,Pulwama,11
1,Jammu And Kashmir,Poonch,Punch,10
1,Jammu And Kashmir,Rajouri,Rajouri,12
1,Jammu And Kashmir,Ramban,Ramban,621
1,Jammu And Kashmir,Reasi,Reasi,627
1,Jammu And Kashmir,Samba,Samba,624
1,Jammu And Kashmir,Shopian,Shopiyan,625
1,Jammu And Kashmir,Srinagar,Srinagar,13
1,Jammu And Kashmir,Udhampur,Udhampur,14
20,Jharkhand,Bokaro,Bokaro,322
20,Jharkhand,Chatra,Chatra,323
20,Jharkhand,Deoghar,Deoghar,324
20,Jharkhand,Dhanbad,Dhanbad,325
20,Jharkhand,Dumka,Dumka,326
20,Jharkhand,Garhwa,Garhwa,328
20,Jharkhand,Giridih,Giridih,329
20,Jharkhand,Godda,Godda,330
20,Jharkhand,Gumla,Gumla,331
20,Jharkhand,Hazaribagh,Hazaribagh,332
20,Jharkhand,Jamtara,Jamtara,333
20,Jharkhand,Khunti,Khunti,606
20,Jharkhand,Koderma,Koderma,334
20,Jharkhand,Latehar,Latehar,335
20,Jharkhand,Lohardaga,Lohardaga,336
20,Jharkhand,Pakur,Pakur,337
20,Jharkhand,Palamu,Palamu,338
20,Jharkhand,West Singhbhum,West Singhbhum,343
20,Jharkhand,East Singhbhum,East Singhbhum,327
20,Jharkhand,Ramgarh,Ramgarh,607
20,Jharkhand,Ranchi,Ranchi,339
20,Jharkhand,Sahebganj,Sahibganj,340
20,Jharkhand,Saraikela Kharsawan,Saraikela-Kharsawan,341
20,Jharkhand,Simdega,Simdega,342
20,Jharkhand,,,
29,Karnataka,Bagalkote,Bagalkote,524
29,Karnataka,Bengaluru Rural,Bengaluru Rural,526
29,Karnataka,Bengaluru Urban,Bengaluru Urban,525
29,Karnataka,Belagavi,Belagavi,527
29,Karnataka,Ballari,Ballari,528
29,Karnataka,Bidar,Bidar,529
29,Karnataka,Vijayapura,Vijayapura,530
29,Karnataka,Chamarajanagara,Chamarajanagara,531
29,Karnataka,Chikkaballapura,Chikkaballapura,630
29,Karnataka,Chikkamagaluru,Chikkamagaluru,532
29,Karnataka,Chitradurga,Chitradurga,533
29,Karnataka,Dakshina Kannada,Dakshina Kannada,534
29,Karnataka,Davangere,Davanagere,535
29,Karnataka,Dharwad,Dharwad,536
29,Karnataka,Gadag,Gadag,537
29,Karnataka,Kalaburagi,Kalaburagi,538
29,Karnataka,Hassan,Hassan,539
29,Karnataka,Haveri,Haveri,540
29,Karnataka,Kodagu,Kodagu,541
29,Karnataka,Kolar,Kolar,542
29,Karnataka,Koppal,Koppal,543
29,Karnataka,Mandya,Mandya,544
29,Karnataka,Mysuru,Mysuru,545
29,Karnataka,Raichur,Raichur,546
29,Karnataka,Ramanagara,Ramanagara,631
29,Karnataka,Shivamogga,Shivamogga,547
29,Karnataka,Tumakuru,Tumakuru,548
29,Karnataka,Udupi,Udupi,549
29,Karnataka,Uttara Kannada,Uttara Kannada,550
29,Karnataka,Yadgir,Yadgir,635
29,Karnataka,Other State,Other State,
32,Kerala,Alappuzha,Alappuzha,554
32,Kerala,Ernakulam,Ernakulam,555
32,Kerala,Idukki,Idukki,556
32,Kerala,Kannur,Kannur,557
32,Kerala,Kasaragod,Kasaragod,558
32,Kerala,Kollam,Kollam,559
32,Kerala,Kottayam,Kottayam,560
32,Kerala,Kozhikode,Kozhikode,561
32,Kerala,Malappuram,Malappuram,562
32,Kerala,Palakkad,Palakkad,563
32,Kerala,Pathanamthitta,Pathanamthitta,564
32,Kerala,Thiruvananthapuram,Thiruvananthapuram,565
32,Kerala,Thrissur,Thrissur,566
32,Kerala,Wayanad,Wayanad,567
32,Kerala,,,
37,Ladakh,Kargil,Kargil,6
37,Ladakh,Leh Ladakh,Leh Ladakh,9
37,Ladakh,Leh Ladakh,Leh,9
37,Lakshadweep,Lakshadweep,Lakshadweep,553
37,Lakshadweep,Lakshadweep,Lakshadweep District,553
23,Madhya Pradesh,Alirajpur,Alirajpur,639
23,Madhya Pradesh,Anuppur,Anuppur,390
23,Madhya Pradesh,Ashoknagar,Ashoknagar,391
23,Madhya Pradesh,Balaghat,Balaghat,392
23,Madhya Pradesh,Barwani,Barwani,393
23,Madhya Pradesh,Betul,Betul,394
23,Madhya Pradesh,Bhind,Bhind,395
23,Madhya Pradesh,Bhopal,Bhopal,396
23,Madhya Pradesh,Burhanpur,Burhanpur,397
23,Madhya Pradesh,Chhatarpur,Chhatarpur,398
23,Madhya Pradesh,Chhindwara,Chhindwara,399
23,Madhya Pradesh,Damoh,Damoh,400
23,Madhya Pradesh,Datia,Datia,401
23,Madhya Pradesh,Dewas,Dewas,402
23,Madhya Pradesh,Dhar,Dhar,403
23,Madhya Pradesh,Dindori,Dindori,404
23,Madhya Pradesh,East Nimar,East Nimar,405
23,Madhya Pradesh,Guna,Guna,406
23,Madhya Pradesh,Gwalior,Gwalior,407
23,Madhya Pradesh,Harda,Harda,408
23,Madhya Pradesh,Hoshangabad,Hoshangabad,409
23,Madhya Pradesh,Indore,Indore,410
23,Madhya Pradesh,Jabalpur,Jabalpur,411
23,Madhya Pradesh,Jhabua,Jhabua,412
23,Madhya Pradesh,Katni,Katni,413
23,Madhya Pradesh,Mandsaur,Mandsaur,416
23,Madhya Pradesh,Morena,Morena,417
23,Madhya Pradesh,Narsinghpur,Narsinghpur,418
23,Madhya Pradesh,Neemuch,Neemuch,419
23,Madhya Pradesh,Panna,Panna,420
23,Madhya Pradesh,Raisen,Raisen,421
23,Madhya Pradesh,Rajgarh,Rajgarh,422
23,Madhya Pradesh,Rewa,Rewa,424
23,Madhya Pradesh,Sagar,Sagar,425
23,Madhya Pradesh,Satna,Satna,426
23,Madhya Pradesh,Sehore,Sehore,427
23,Madhya Pradesh,Seoni,Seoni,428
23,Madhya Pradesh,Shahdol,Shahdol,429
23,Madhya Pradesh,Shajapur,Shajapur,430
23,Madhya Pradesh,Sheopur,Sheopur,431
23,Madhya Pradesh,Shivpuri,Shivpuri,432
23,Madhya Pradesh,Sidhi,Sidhi,433
23,Madhya Pradesh,Singrauli,Singrauli,638
23,Madhya Pradesh,Tikamgarh,Tikamgarh,434
23,Madhya Pradesh,Ujjain,Ujjain,435
23,Madhya Pradesh,Umaria,Umaria,436
23,Madhya Pradesh,Vidisha,Vidisha,437
23,Madhya Pradesh,Khargone,Khargone,414
23,Madhya Pradesh,Niwari,Niwari,722
23,Madhya Pradesh,Agar Malwa,Agar Malwa,667
23,Madhya Pradesh,Mandla,Mandla,415
23,Madhya Pradesh,Ratlam,Ratlam,423
23,Madhya Pradesh,East Nimar,Khandwa,405
23,Madhya Pradesh,Other Region,Other Region,
23,Madhya Pradesh,,,
27,Maharashtra,Ahmednagar,Ahmednagar,466
27,Maharashtra,Akola,Akola,467
27,Maharashtra,Amravati,Amravati,468
27,Maharashtra,Aurangabad,Aurangabad,469
27,Maharashtra,Bhandara,Bhandara,471
27,Maharashtra,Beed,Beed,470
27,Maharashtra,Buldhana,Buldhana,472
27,Maharashtra,Chandrapur,Chandrapur,473
27,Maharashtra,Dhule,Dhule,474
27,Maharashtra,Gadchiroli,Gadchiroli,475
27,Maharashtra,Gondia,Gondia,476
27,Maharashtra,Hingoli,Hingoli,477
27,Maharashtra,Jalgaon,Jalgaon,478
27,Maharashtra,Jalna,Jalna,479
27,Maharashtra,Kolhapur,Kolhapur,480
27,Maharashtra,Latur,Latur,481
27,Maharashtra,Mumbai,Mumbai,482
27,Maharashtra,Mumbai Suburban,Mumbai Suburban,483
27,Maharashtra,Nagpur,Nagpur,484
27,Maharashtra,Nanded,Nanded,485
27,Maharashtra,Nandurbar,Nandurbar,486
27,Maharashtra,Nashik,Nashik,487
27,Maharashtra,Osmanabad,Osmanabad,488
27,Maharashtra,Parbhani,Parbhani,489
27,Maharashtra,Pune,Pune,490
27,Maharashtra,Raigad,Raigad,491
27,Maharashtra,Ratnagiri,Ratnagiri,492
27,Maharashtra,Sangli,Sangli,493
27,Maharashtra,Satara,Satara,494
27,Maharashtra,Sindhudurg,Sindhudurg,495
27,Maharashtra,Solapur,Solapur,496
27,Maharashtra,Palghar,Palghar,665
27,Maharashtra,Wardha,Wardha,498
27,Maharashtra,Washim,Washim,499
27,Maharashtra,Yavatmal,Yavatmal,500
27,Maharashtra,Thane,Thane,497
27,Maharashtra,Other State,Other State,
27,Maharashtra,,,
14,Manipur,Bishnupur,Bishnupur,252
14,Manipur,Chandel,Chandel,253
14,Manipur,Churachandpur,Churachandpur,254
14,Manipur,Imphal West,Imphal West,256
14,Manipur,Jiribum,Jiribum,713
14,Manipur,Senapati,Senapati,257
14,Manipur,Tamenglong,Tamenglong,258
14,Manipur,Thoubal,Thoubal,259
14,Manipur,Kamjong,Kamjong,717
14,Manipur,Kangpokpi,Kangpokpi,712
14,Manipur,Pherzawal,Pherzawal,715
14,Manipur,Tengnoupal,Tengnoupal,716
14,Manipur,Ukhrul,Ukhrul,260
14,Manipur,Kakching,Kakching,711
14,Manipur,Imphal East,Imphal East,255
14,Manipur,Noney,Noney,714
14,Manipur,,,
17,Meghalaya,East Garo Hills,East Garo Hills,273
17,Meghalaya,East Khasi Hills,East Khasi Hills,274
17,Meghalaya,East Jaintia Hills,East Jaintia Hills,657
17,Meghalaya,Ri Bhoi,Ribhoi,276
17,Meghalaya,South Garo Hills,South Garo Hills,277
17,Meghalaya,West Garo Hills,West Garo Hills,278
17,Meghalaya,West Khasi Hills,West Khasi Hills,279
17,Meghalaya,South West Khasi Hills,South West Khasi Hills,658
17,Meghalaya,South West Garo Hills,South West Garo Hills,663
17,Meghalaya,North Garo Hills,North Garo Hills,656
17,Meghalaya,West Jaintia Hills,West Jaintia Hills,275
17,Meghalaya,,,
15,Mizoram,Aizawl,Aizawl,261
15,Mizoram,Champhai,Champhai,262
15,Mizoram,Kolasib,Kolasib,263
15,Mizoram,Lawngtlai,Lawngtlai,264
15,Mizoram,Lunglei,Lunglei,265
15,Mizoram,Mamit,Mamit,266
15,Mizoram,Saiha,Saiha,267
15,Mizoram,Serchhip,Serchhip,268
15,Mizoram,Khawzawl,Khawzawl,728
15,Mizoram,Saitual,Saitual,727
15,Mizoram,Hnahthial,Hnahthial,726
15,Mizoram,,,
13,Nagaland,Dimapur,Dimapur,244
13,Nagaland,Kiphire,Kiphire,614
13,Nagaland,Kohima,Kohima,245
13,Nagaland,Longleng,Longleng,615
13,Nagaland,Mokokchung,Mokokchung,246
13,Nagaland,Mon,Mon,247
13,Nagaland,Peren,Peren,613
13,Nagaland,Phek,Phek,248
13,Nagaland,Tuensang,Tuensang,249
13,Nagaland,Wokha,Wokha,250
13,Nagaland,Zunheboto,Zunheboto,251
13,Nagaland,,,
21,Odisha,Anugul,Angul,344
21,Odisha,Balangir,Balangir,345
21,Odisha,Baleshwar,Balasore,346
21,Odisha,Bargarh,Bargarh,347
21,Odisha,Boudh,Boudh,349
21,Odisha,Bhadrak,Bhadrak,348
21,Odisha,Cuttack,Cuttack,350
21,Odisha,Deogarh,Deogarh,351
21,Odisha,Dhenkanal,Dhenkanal,352
21,Odisha,Gajapati,Gajapati,353
21,Odisha,Ganjam,Ganjam,354
21,Odisha,Jagatsinghpur,Jagatsinghpur,355
21,Odisha,Jajapur,Jajpur,356
21,Odisha,Jharsuguda,Jharsuguda,357
21,Odisha,Kalahandi,Kalahandi,358
21,Odisha,Kandhamal,Kandhamal,359
21,Odisha,Kendrapara,Kendrapara,360
21,Odisha,Kendujhar,Kendujhar,361
21,Odisha,Khordha,Khordha,362
21,Odisha,Koraput,Koraput,363
21,Odisha,Malkangiri,Malkangiri,364
21,Odisha,Mayurbhanj,Mayurbhanj,365
21,Odisha,Nabarangpur,Nabarangapur,366
21,Odisha,Nayagarh,Nayagarh,367
21,Odisha,Nuapada,Nuapada,368
21,Odisha,Puri,Puri,369
21,Odisha,Rayagada,Rayagada,370
21,Odisha,Sambalpur,Sambalpur,371
21,Odisha,Sonepur,Sonepur,372
21,Odisha,Sundargarh,Sundargarh,373
21,Odisha,Sonepur,Subarnapur,372
34,Puducherry,Mahe,Mahe,599
34,Puducherry,Karaikal,Karaikal,598
34,Puducherry,Pondicherry,Pondicherry,600
34,Puducherry,Pondicherry,Puducherry,600
34,Puducherry,Yanam,Yanam,601
34,Puducherry,,,
3,Punjab,Amritsar,Amritsar,27
3,Punjab,Barnala,Barnala,605
3,Punjab,Bathinda,Bathinda,28
3,Punjab,Faridkot,Faridkot,29
3,Punjab,Fatehgarh Sahib,Fatehgarh Sahib,30
3,Punjab,Fazilka,Fazilka,651
3,Punjab,Gurdaspur,Gurdaspur,32
3,Punjab,Hoshiarpur,Hoshiarpur,33
3,Punjab,Jalandhar,Jalandhar,34
3,Punjab,Kapurthala,Kapurthala,35
3,Punjab,Ludhiana,Ludhiana,36
3,Punjab,Mansa,Mansa,37
3,Punjab,Moga,Moga,38
3,Punjab,Sri Muktsar Sahib,Sri Muktsar Sahib,39
3,Punjab,Patiala,Patiala,41
3,Punjab,Rupnagar,Rupnagar,42
3,Punjab,S.A.S Nagar,S.A.S Nagar,608
3,Punjab,S.A.S Nagar,S.A.S. Nagar,608
3,Punjab,Sangrur,Sangrur,43
3,Punjab,Shahid Bhagat Singh Nagar,Shahid Bhagat Singh Nagar,40
3,Punjab,Tarn Taran,Tarn Taran,609
3,Punjab,Pathankot,Pathankot,662
3,Punjab,Firozepur,Firozpur,31
3,Punjab,Firozepur,Ferozepur,31
8,Rajasthan,Ajmer,Ajmer,86
8,Rajasthan,Alwar,Alwar,87
8,Rajasthan,Banswara,Banswara,88
8,Rajasthan,Baran,Baran,89
8,Rajasthan,Barmer,Barmer,90
8,Rajasthan,Bharatpur,Bharatpur,91
8,Rajasthan,Bhilwara,Bhilwara,92
8,Rajasthan,Bikaner,Bikaner,93
8,Rajasthan,Bundi,Bundi,94
8,Rajasthan,Chittorgarh,Chittorgarh,95
8,Rajasthan,Churu,Churu,96
8,Rajasthan,Dholpur,Dholpur,98
8,Rajasthan,Dungarpur,Dungarpur,99
8,Rajasthan,Ganganagar,Ganganagar,100
8,Rajasthan,Hanumangarh,Hanumangarh,101
8,Rajasthan,Jaipur,Jaipur,102
8,Rajasthan,Jaisalmer,Jaisalmer,103
8,Rajasthan,Jalore,Jalore,104
8,Rajasthan,Jhalawar,Jhalawar,105
8,Rajasthan,Jhunjhunu,Jhunjhunu,106
8,Rajasthan,Jodhpur,Jodhpur,107
8,Rajasthan,Kota,Kota,109
8,Rajasthan,Nagaur,Nagaur,110
8,Rajasthan,Pali,Pali,111
8,Rajasthan,Pratapgarh,Pratapgarh,629
8,Rajasthan,Rajsamand,Rajsamand,112
8,Rajasthan,Sikar,Sikar,114
8,Rajasthan,Sirohi,Sirohi,115
8,Rajasthan,Tonk,Tonk,116
8,Rajasthan,Udaipur,Udaipur,117
8,Rajasthan,Dausa,Dausa,97
8,Rajasthan,Karauli,Karauli,108
8,Rajasthan,Sawai Madhopur,Sawai Madhopur,113
8,Rajasthan,Other State,Other State,
8,Rajasthan,,BSF Camp,
11,Sikkim,East District,East District,225
11,Sikkim,North District,North District,226
11,Sikkim,South District,South District,227
11,Sikkim,West District,West District,228
11,Sikkim,,,
33,Tamil Nadu,Ariyalur,Ariyalur,610
33,Tamil Nadu,Chennai,Chennai,568
33,Tamil Nadu,Coimbatore,Coimbatore,569
33,Tamil Nadu,Cuddalore,Cuddalore,570
33,Tamil Nadu,Dharmapuri,Dharmapuri,571
33,Tamil Nadu,Dindigul,Dindigul,572
33,Tamil Nadu,Erode,Erode,573
33,Tamil Nadu,Kanchipuram,Kancheepuram,574
33,Tamil Nadu,Kanniyakumari,Kanyakumari,575
33,Tamil Nadu,Karur,Karur,576
33,Tamil Nadu,Krishnagiri,Krishnagiri,577
33,Tamil Nadu,Madurai,Madurai,578
33,Tamil Nadu,Namakkal,Namakkal,580
33,Tamil Nadu,Perambalur,Perambalur,581
33,Tamil Nadu,Pudukkottai,Pudukkottai,582
33,Tamil Nadu,Ramanathapuram,Ramanathapuram,583
33,Tamil Nadu,Salem,Salem,584
33,Tamil Nadu,Sivaganga,Sivaganga,585
33,Tamil Nadu,Thanjavur,Thanjavur,586
33,Tamil Nadu,The Nilgiris,Nilgiris,587
33,Tamil Nadu,Theni,Theni,588
33,Tamil Nadu,Thiruvallur,Thiruvallur,589
33,Tamil Nadu,Thiruvarur,Thiruvarur,590
33,Tamil Nadu,Tuticorin,Tuticorin,594
33,Tamil Nadu,Tiruchirappalli,Tiruchirappalli,591
33,Tamil Nadu,Tirunelveli,Tirunelveli,592
33,Tamil Nadu,Tiruppur,Tiruppur,634
33,Tamil Nadu,Tiruvannamalai,Tiruvannamalai,593
33,Tamil Nadu,Vellore,Vellore,595
33,Tamil Nadu,Villupuram,Viluppuram,596
33,Tamil Nadu,Virudhunagar,Virudhunagar,597
33,Tamil Nadu,Nagapattinam,Nagapattinam,579
33,Tamil Nadu,Chengalpattu,Chengalpattu,730
33,Tamil Nadu,Kallakurichi,Kallakurichi,729
33,Tamil Nadu,Ranipet,Ranipet,731
33,Tamil Nadu,Tenkasi,Tenkasi,733
33,Tamil Nadu,Tuticorin,Thoothukkudi,594
33,Tamil Nadu,Tirupathur,Tirupathur,732
33,Tamil Nadu,Nagapattinam,Mayiladuthurai,579
33,Tamil Nadu,,,
36,Telangana,Mulugu,Mulugu,720
36,Telangana,Adilabad,Adilabad,501
36,Telangana,Bhadradri Kothagudem,Bhadradri Kothagudem,690
36,Telangana,Hyderabad,Hyderabad,507
36,Telangana,Jagtial,Jagtial,681
36,Telangana,Jangoan,Jangoan,689
36,Telangana,Jayashankar Bhupalpally,Jayashankar Bhupalpally,687
36,Telangana,Jogulamba Gadwal,Jogulamba Gadwal,695
36,Telangana,Kamareddy,Kamareddy,685
36,Telangana,Karimnagar,Karimnagar,508
36,Telangana,Khammam,Khammam,509
36,Telangana,Kumurambheem Asifabad,Kumurambheem Asifabad,699
36,Telangana,Mahabubabad,Mahabubabad,688
36,Telangana,Mahabubnagar,Mahabubnagar,512
36,Telangana,Mancherial,Mancherial,684
36,Telangana,Medak,Medak,513
36,Telangana,Medchal Malkajgiri,Medchal Malkajgiri,700
36,Telangana,Nagarkurnool,Nagarkurnool,694
36,Telangana,Nalgonda,Nalgonda,514
36,Telangana,Nirmal,Nirmal,680
36,Telangana,Nizamabad,Nizamabad,516
36,Telangana,Peddapalli,Peddapalli,682
36,Telangana,Rajanna Sircilla,Rajanna Sircilla,683
36,Telangana,Rangareddy,Rangareddy,518
36,Telangana,Sangareddy,Sangareddy,691
36,Telangana,Siddipet,Siddipet,692
36,Telangana,Suryapet,Suryapet,696
36,Telangana,Vikarabad,Vikarabad,698
36,Telangana,Wanaparthy,Wanaparthy,693
36,Telangana,Warangal_Rural,Warangal_Rural,522
36,Telangana,Warangal_Urban,Warangal_Urban,686
36,Telangana,Yadadri Bhuvanagiri,Yadadri Bhuvanagiri,697
36,Telangana,Narayanpet,Narayanpet,721
36,Telangana,,,
16,Tripura,Dhalai,Dhalai,269
16,Tripura,North Tripura,North Tripura,270
16,Tripura,Gomati,Gomati,654
16,Tripura,Khowai,Khowai,652
16,Tripura,Sepahijala,Sepahijala,653
16,Tripura,Sipahijala,Sipahijala,653
16,Tripura,West Tripura,West Tripura,272
16,Tripura,Unakoti,Unakoti,655
16,Tripura,Unokoti,Unokoti,655
16,Tripura,South Tripura,South Tripura,271
16,Tripura,,,
9,Uttar Pradesh,Ayodhya,Ayodhya,140
9,Uttar Pradesh,Agra,Agra,118
9,Uttar Pradesh,Bareilly,Bareilly,130
9,Uttar Pradesh,Etah,Etah,138
9,Uttar Pradesh,Shahjahanpur,Shahjahanpur,180
9,Uttar Pradesh,Pilibhit,Pilibhit,173
9,Uttar Pradesh,Prayagraj,Prayagraj,120
9,Uttar Pradesh,Pratapgarh,Pratapgarh,174
9,Uttar Pradesh,Jhansi,Jhansi,153
9,Uttar Pradesh,Jalaun,Jalaun,151
9,Uttar Pradesh,Jaunpur,Jaunpur,152
9,Uttar Pradesh,Mirzapur,Mirzapur,170
9,Uttar Pradesh,Sonbhadra,Sonbhadra,184
9,Uttar Pradesh,Azamgarh,Azamgarh,123
9,Uttar Pradesh,Gorakhpur,Gorakhpur,148
9,Uttar Pradesh,Kushinagar,Kushinagar,160
9,Uttar Pradesh,Basti,Basti,131
9,Uttar Pradesh,Sitapur,Sitapur,183
9,Uttar Pradesh,Unnao,Unnao,186
9,Uttar Pradesh,Sultanpur,Sultanpur,185
9,Uttar Pradesh,Balrampur,Balrampur,127
9,Uttar Pradesh,Amethi,Amethi,640
9,Uttar Pradesh,Barabanki,Barabanki,129
9,Uttar Pradesh,Bahraich,Bahraich,125
9,Uttar Pradesh,Chitrakoot,Chitrakoot,136
9,Uttar Pradesh,Hamirpur,Hamirpur,149
9,Uttar Pradesh,Mahoba,Mahoba,165
9,Uttar Pradesh,Banda,Banda,128
9,Uttar Pradesh,Baghpat,Baghpat,124
9,Uttar Pradesh,Kanpur Nagar,Kanpur Nagar,157
9,Uttar Pradesh,Sant Kabeer Nagar,Sant Kabeer Nagar,178
9,Uttar Pradesh,Sant Kabir Nagar,Sant Kabir Nagar,178
9,Uttar Pradesh,Ghaziabad,Ghaziabad,145
9,Uttar Pradesh,Kaushambi,Kaushambi,158
9,Uttar Pradesh,Muzaffarnagar,Muzaffarnagar,172
9,Uttar Pradesh,Bulandshahr,Bulandshahr,134
9,Uttar Pradesh,Gautam Buddha Nagar,Gautam Buddha Nagar,144
9,Uttar Pradesh,Meerut,Meerut,169
9,Uttar Pradesh,Saharanpur,Saharanpur,177
9,Uttar Pradesh,Aligarh,Aligarh,119
9,Uttar Pradesh,Mathura,Mathura,167
9,Uttar Pradesh,Firozabad,Firozabad,143
9,Uttar Pradesh,Mainpuri,Mainpuri,166
9,Uttar Pradesh,Hathras,Hathras,163
9,Uttar Pradesh,Budaun,Budaun,133
9,Uttar Pradesh,Moradabad,Moradabad,171
9,Uttar Pradesh,Rampur,Rampur,176
9,Uttar Pradesh,Amroha,Amroha,154
9,Uttar Pradesh,Bijnor,Bijnor,132
9,Uttar Pradesh,Kanpur Dehat,Kanpur Dehat,156
9,Uttar Pradesh,Etawah,Etawah,139
9,Uttar Pradesh,Farrukhabad,Farrukhabad,141
9,Uttar Pradesh,Kannauj,Kannauj,155
9,Uttar Pradesh,Auraiya,Auraiya,122
9,Uttar Pradesh,Lalitpur,Lalitpur,161
9,Uttar Pradesh,Varanasi,Varanasi,187
9,Uttar Pradesh,Ghazipur,Ghazipur,146
9,Uttar Pradesh,Chandauli,Chandauli,135
9,Uttar Pradesh,Bhadohi,Bhadohi,179
9,Uttar Pradesh,Mau,Mau,168
9,Uttar Pradesh,Ballia,Ballia,126
9,Uttar Pradesh,Maharajganj,Maharajganj,164
9,Uttar Pradesh,Deoria,Deoria,137
9,Uttar Pradesh,Rae Bareli,Rae Bareli,175
9,Uttar Pradesh,Hardoi,Hardoi,150
9,Uttar Pradesh,Siddharth Nagar,Siddharth Nagar,182
9,Uttar Pradesh,Siddharthnagar,Siddharthnagar,182
9,Uttar Pradesh,Lucknow,Lucknow,162
9,Uttar Pradesh,Faizabad,Faizabad,140
9,Uttar Pradesh,Kasganj,Kasganj,633
9,Uttar Pradesh,Ambedkar Nagar,Ambedkar Nagar,121
9,Uttar Pradesh,Hapur,Hapur,661
9,Uttar Pradesh,Shamli,Shamli,660
9,Uttar Pradesh,Sambhal,Sambhal,659
9,Uttar Pradesh,Fatehpur,Fatehpur,142
9,Uttar Pradesh,Gonda,Gonda,147
9,Uttar Pradesh,Kheri,Kheri,159
9,Uttar Pradesh,Lakhimpur Kheri,Lakhimpur Kheri,159
9,Uttar Pradesh,Shravasti,Shravasti,181
9,Uttar Pradesh,Shrawasti,Shrawasti,181
5,Uttarakhand,Almora,Almora,45
5,Uttarakhand,Bageshwar,Bageshwar,46
5,Uttarakhand,Chamoli,Chamoli,47
5,Uttarakhand,Champawat,Champawat,48
5,Uttarakhand,Dehradun,Dehradun,49
5,Uttarakhand,Pauri Garhwal,Pauri Garhwal,52
5,Uttarakhand,Haridwar,Haridwar,50
5,Uttarakhand,Nainital,Nainital,51
5,Uttarakhand,Pithoragarh,Pithoragarh,53
5,Uttarakhand,Rudra Prayag,Rudra Prayag,54
5,Uttarakhand,Rudraprayag,Rudraprayag,54
5,Uttarakhand,Tehri Garhwal,Tehri Garhwal,55
5,Uttarakhand,Udam Singh Nagar,Udam Singh Nagar,56
5,Uttarakhand,Udham Singh Nagar,Udham Singh Nagar,56
5,Uttarakhand,Uttar Kashi,Uttar Kashi,57
5,Uttarakhand,Uttarkashi,Uttarkashi,57
5,Uttarakhand,,,
19,West Bengal,Bankura,Bankura,305
19,West Bengal,Purba Bardhaman,Purba Bardhaman,306
19,West Bengal,Birbhum,Birbhum,307
19,West Bengal,Dinajpur Dakshin,Dinajpur Dakshin,310
19,West Bengal,Dakshin Dinajpur,Dakshin Dinajpur,310
19,West Bengal,Darjiling,Darjiling,309
19,West Bengal,Darjeeling,Darjeeling,309
19,West Bengal,Howrah,Howrah,313
19,West Bengal,Hooghly,Hooghly,312
19,West Bengal,Jalpaiguri,Jalpaiguri,314
19,West Bengal,Coochbehar,Coochbehar,308
19,West Bengal,Cooch Behar,Cooch Behar,308
19,West Bengal,Kolkata,Kolkata,315
19,West Bengal,Maldah,Maldah,316
19,West Bengal,Malda,Malda,316
19,West Bengal,Murshidabad,Murshidabad,319
19,West Bengal,Nadia,Nadia,320
19,West Bengal,24 Paraganas North,24 Paraganas North,303
19,West Bengal,North 24 Parganas,North 24 Parganas,303
19,West Bengal,Medinipur West,Medinipur West,318
19,West Bengal,Paschim Medinipur,Paschim Medinipur,318
19,West Bengal,Medinipur East,Medinipur East,317
19,West Bengal,Purba Medinipur,Purba Medinipur,317
19,West Bengal,Puruliya,Puruliya,321
19,West Bengal,Purulia,Purulia,321
19,West Bengal,24 Paraganas South,24 Paraganas South,304
19,West Bengal,South 24 Parganas,South 24 Parganas,304
19,West Bengal,Dinajpur Uttar,Dinajpur Uttar,311
19,West Bengal,Uttar Dinajpur,Uttar Dinajpur,311
19,West Bengal,Paschim Bardhaman,Paschim Bardhaman,704
19,West Bengal,Kalimpong,Kalimpong,702
19,West Bengal,Jhargram,Jhargram,703
19,West Bengal,Alipurduar,Alipurduar,664
19,West Bengal,,,
