state_name_data,dfso,district_code,district_name,state_code,state_name,,
ANDAMAN & NICOBAR ISLANDS,DFSO NICOBARS,603,NICOBARS,35,ANDAMAN AND NICOBAR ISLANDS,,
ANDAMAN & NICOBAR ISLANDS,DFSO NORTH AND MID,632,NORTH AND MIDDLE ANDAMAN,35,ANDAMAN AND NICOBAR ISLANDS,,
ANDAMAN & NICOBAR ISLANDS,DFSO SOUTH ANDAMAN,602,SOUTH ANDAMANS,35,ANDAMAN AND NICOBAR ISLANDS,,
ANDAMAN & NICOBAR ISLANDS,"Directorate of Civil SUpplies and Consumer Affairs, Nicobars",603,NICOBARS,35,ANDAMAN AND NICOBAR ISLANDS,,
ANDAMAN & NICOBAR ISLANDS,"Directorate of Civil SUpplies and Consumer Affairs, North& Middle Andaman",632,NORTH AND MIDDLE ANDAMAN,35,ANDAMAN AND NICOBAR ISLANDS,,
ANDAMAN & NICOBAR ISLANDS,"DIRECTORATE OF CIVIL SUPPLIES AND CONSUMER AFFAIRS, South Andaman",602,SOUTH ANDAMANS,35,ANDAMAN AND NICOBAR ISLANDS,,
ANDAMAN & NICOBAR ISLANDS,Nicobar,603,NICOBARS,35,ANDAMAN AND NICOBAR ISLANDS,,
ANDAMAN & NICOBAR ISLANDS,NICOBARS,603,NICOBARS,35,ANDAMAN AND NICOBAR ISLANDS,,
ANDAMAN & NICOBAR ISLANDS,NORTH AND MIDDLE AND,632,NORTH AND MIDDLE ANDAMAN,35,ANDAMAN AND NICOBAR ISLANDS,,
ANDAMAN & NICOBAR ISLANDS,NORTH AND MIDDLE ANDAMAN,632,NORTH AND MIDDLE ANDAMAN,35,ANDAMAN AND NICOBAR ISLANDS,,
ANDAMAN & NICOBAR ISLANDS,North Middle Andaman,632,NORTH AND MIDDLE ANDAMAN,35,ANDAMAN AND NICOBAR ISLANDS,,
ANDAMAN & NICOBAR ISLANDS,South Andaman,602,SOUTH ANDAMANS,35,ANDAMAN AND NICOBAR ISLANDS,,
ANDAMAN & NICOBAR ISLANDS,SOUTH ANDAMANS,602,SOUTH ANDAMANS,35,ANDAMAN AND NICOBAR ISLANDS,,
ANDHRA PRADESH,ANANTAPUR,502,ANANTAPUR,28,ANDHRA PRADESH,,
ANDHRA PRADESH,CHITTOOR,503,CHITTOOR,28,ANDHRA PRADESH,,
ANDHRA PRADESH,DSO OFFICE ANANTAPUR,502,ANANTAPUR,28,ANDHRA PRADESH,,
ANDHRA PRADESH,DSO OFFICE CHITTOOR,503,CHITTOOR,28,ANDHRA PRADESH,,
ANDHRA PRADESH,DSO OFFICE CUDDAPAH,504,Y.S.R.,28,ANDHRA PRADESH,,
ANDHRA PRADESH,DSO OFFICE EAST GODAVARI,505,EAST GODAVARI,28,ANDHRA PRADESH,,
ANDHRA PRADESH,DSO OFFICE GUNTUR,506,GUNTUR,28,ANDHRA PRADESH,,
ANDHRA PRADESH,DSO OFFICE KRISHNA,510,KRISHNA,28,ANDHRA PRADESH,,
ANDHRA PRADESH,DSO OFFICE KURNOOL,511,KURNOOL,28,ANDHRA PRADESH,,
ANDHRA PRADESH,DSO OFFICE NELLORE,515,SPSR NELLORE,28,ANDHRA PRADESH,,
ANDHRA PRADESH,DSO OFFICE PRAKASAM,517,PRAKASAM,28,ANDHRA PRADESH,,
ANDHRA PRADESH,DSO OFFICE SRIKAKULAM,519,SRIKAKULAM,28,ANDHRA PRADESH,,
ANDHRA PRADESH,DSO OFFICE VISAKAPATNAM,520,VISAKHAPATANAM,28,ANDHRA PRADESH,,
ANDHRA PRADESH,DSO OFFICE VIZIANAGARAM,521,VIZIANAGARAM,28,ANDHRA PRADESH,,
ANDHRA PRADESH,DSO OFFICE WEST GODAVARI,523,WEST GODAVARI,28,ANDHRA PRADESH,,
ANDHRA PRADESH,EAST GODAVARI,505,EAST GODAVARI,28,ANDHRA PRADESH,,
ANDHRA PRADESH,GUNTUR,506,GUNTUR,28,ANDHRA PRADESH,,
ANDHRA PRADESH,KRISHNA,510,KRISHNA,28,ANDHRA PRADESH,,
ANDHRA PRADESH,KURNOOL,511,KURNOOL,28,ANDHRA PRADESH,,
ANDHRA PRADESH,PRAKASAM,517,PRAKASAM,28,ANDHRA PRADESH,,
ANDHRA PRADESH,SPSR NELLORE,515,SPSR NELLORE,28,ANDHRA PRADESH,,
ANDHRA PRADESH,SRI POTTI SRIRAMULU NELLORE,515,SPSR NELLORE,28,ANDHRA PRADESH,,
ANDHRA PRADESH,SRIKAKULAM,519,SRIKAKULAM,28,ANDHRA PRADESH,,
ANDHRA PRADESH,VISAKHAPATANAM,520,VISAKHAPATANAM,28,ANDHRA PRADESH,,
ANDHRA PRADESH,VISAKHAPATNAM,520,VISAKHAPATANAM,28,ANDHRA PRADESH,,
ANDHRA PRADESH,VIZIANAGARAM,521,VIZIANAGARAM,28,ANDHRA PRADESH,,
ANDHRA PRADESH,WEST GODAVARI,523,WEST GODAVARI,28,ANDHRA PRADESH,,
ANDHRA PRADESH,Y.S.R KADAPA,504,Y.S.R.,28,ANDHRA PRADESH,,
ANDHRA PRADESH,Y.S.R.,504,Y.S.R.,28,ANDHRA PRADESH,,
ANDHRA PRADESH,,,,,,,
ARUNACHAL PRADESH,AMIT BENGIA,237,PAPUM PARE,12,ARUNACHAL PRADESH,,
ARUNACHAL PRADESH,Amit Bengia,237,capital complex,,,,
ARUNACHAL PRADESH,Anjaw,628,ANJAW,12,ARUNACHAL PRADESH,,
ARUNACHAL PRADESH,ANOM APANG,240,UPPER SIANG,12,ARUNACHAL PRADESH,,
ARUNACHAL PRADESH,ANOM APANG,240,UPPER SIANG,12,ARUNACHAL PRADESH,,
ARUNACHAL PRADESH,BIJOY PERTIN,232,EAST SIANG,12,ARUNACHAL PRADESH,,
ARUNACHAL PRADESH,BIJOY PERTIN,232,EAST SIANG,12,ARUNACHAL PRADESH,,
ARUNACHAL PRADESH,BURU LALING,240,UPPER SIANG,12,ARUNACHAL PRADESH,,
ARUNACHAL PRADESH,BURU LALING,240,UPPER SIANG,12,ARUNACHAL PRADESH,,
ARUNACHAL PRADESH,C.W. CHAKHAP,229,CHANGLANG,12,ARUNACHAL PRADESH,,
ARUNACHAL PRADESH,C.W. CHAKHAP,229,CHANGLANG,12,ARUNACHAL PRADESH,,
ARUNACHAL PRADESH,Capital Complex,237,PAPUM PARE,12,ARUNACHAL PRADESH,,
ARUNACHAL PRADESH,Changlang,229,CHANGLANG,12,ARUNACHAL PRADESH,,
ARUNACHAL PRADESH,CHUKHU JIRJO,231,EAST KAMENG,12,ARUNACHAL PRADESH,,
ARUNACHAL PRADESH,CHUKHU JIRJO,231,EAST KAMENG,12,ARUNACHAL PRADESH,,
ARUNACHAL PRADESH,CHUKU JIRJO,231,EAST KAMENG,12,ARUNACHAL PRADESH,,
ARUNACHAL PRADESH,CHUKU JIRJO,231,EAST KAMENG,12,ARUNACHAL PRADESH,,
ARUNACHAL PRADESH,Dibang Valley,230,DIBANG VALLEY,12,ARUNACHAL PRADESH,,
ARUNACHAL PRADESH,DUYU LAMPONG,237,PAPUM PARE,12,ARUNACHAL PRADESH,,
ARUNACHAL PRADESH,DUYU LAMPONG,677,KRA DAADI,12,ARUNACHAL PRADESH,,
ARUNACHAL PRADESH,DUYU LAMPUNG,237,PAPUM PARE,12,ARUNACHAL PRADESH,,
ARUNACHAL PRADESH,DUYU LAMPUNG,677,KRA DAADI,12,ARUNACHAL PRADESH,,
ARUNACHAL PRADESH,East Kameng,231,EAST KAMENG,12,ARUNACHAL PRADESH,,
ARUNACHAL PRADESH,East Siang,232,EAST SIANG,12,ARUNACHAL PRADESH,,
ARUNACHAL PRADESH,HAGE TATH,628,ANJAW,12,ARUNACHAL PRADESH,,
ARUNACHAL PRADESH,HAGE TATH,628,ANJAW,12,ARUNACHAL PRADESH,,
ARUNACHAL PRADESH,HAWAI,628,ANJAW,12,ARUNACHAL PRADESH,,
ARUNACHAL PRADESH,HAWAI,628,ANJAW,12,ARUNACHAL PRADESH,,
ARUNACHAL PRADESH,HONI BAYANG,237,PAPUM PARE,12,ARUNACHAL PRADESH,,
ARUNACHAL PRADESH,HONI BAYANG,237,PAPUM PARE,12,ARUNACHAL PRADESH,,
ARUNACHAL PRADESH,JORAM SANGKHU,230,DIBANG VALLEY,12,ARUNACHAL PRADESH,,
ARUNACHAL PRADESH,JORAM SANGKHU,230,DIBANG VALLEY,12,ARUNACHAL PRADESH,,
ARUNACHAL PRADESH,JORAM SANKU,230,DIBANG VALLEY,12,ARUNACHAL PRADESH,,
ARUNACHAL PRADESH,JORAM SANKU,230,DIBANG VALLEY,12,ARUNACHAL PRADESH,,
ARUNACHAL PRADESH,KAGO LOMA,628,ANJAW,12,ARUNACHAL PRADESH,,
ARUNACHAL PRADESH,KAGO LOMA,666,LONGDING,12,ARUNACHAL PRADESH,,
ARUNACHAL PRADESH,KAMLE,718,KAMLE,12,ARUNACHAL PRADESH,,
ARUNACHAL PRADESH,Kra Daadi,677,KRA DAADI,12,ARUNACHAL PRADESH,,
ARUNACHAL PRADESH,Kurung Kumey,233,KURUNG KUMEY,12,ARUNACHAL PRADESH,,
ARUNACHAL PRADESH,Lohit,234,LOHIT,12,ARUNACHAL PRADESH,,
ARUNACHAL PRADESH,Longding,666,LONGDING,12,ARUNACHAL PRADESH,,
ARUNACHAL PRADESH,Lower Dibang Valley,235,LOWER DIBANG VALLEY,12,ARUNACHAL PRADESH,,
ARUNACHAL PRADESH,LOWER SIANG,719,LOWER SIANG,12,ARUNACHAL PRADESH,,
ARUNACHAL PRADESH,Lower Subansiri,236,LOWER SUBANSIRI,12,ARUNACHAL PRADESH,,
ARUNACHAL PRADESH,M.K CHAKRABORTY,234,LOHIT,12,ARUNACHAL PRADESH,,
ARUNACHAL PRADESH,MARKE KARLO,,,,,,
ARUNACHAL PRADESH,MARKE KARLO,238,TAWANG,12,ARUNACHAL PRADESH,,
ARUNACHAL PRADESH,MINALI TATO,679,SIANG,12,ARUNACHAL PRADESH,,
ARUNACHAL PRADESH,MINALI TATO,679,SIANG,12,ARUNACHAL PRADESH,,
ARUNACHAL PRADESH,MINLI TATO,679,SIANG,12,ARUNACHAL PRADESH,,
ARUNACHAL PRADESH,MINLI TATO,679,SIANG,12,ARUNACHAL PRADESH,,
ARUNACHAL PRADESH,MISHUMBU MIRI,239,TIRAP,12,ARUNACHAL PRADESH,,
ARUNACHAL PRADESH,Mishumbu Miri,239,TIRAP,12,ARUNACHAL PRADESH,,
ARUNACHAL PRADESH,NABUM TAGUM,678,NAMSAI,12,ARUNACHAL PRADESH,,
ARUNACHAL PRADESH,NABUM TAGUM,678,NAMSAI,12,ARUNACHAL PRADESH,,
ARUNACHAL PRADESH,Namsai,678,NAMSAI,12,ARUNACHAL PRADESH,,
ARUNACHAL PRADESH,NICHOLAS TAKAM,231,EAST KAMENG,12,ARUNACHAL PRADESH,,
ARUNACHAL PRADESH,NICHOLAS TAKAM,231,EAST KAMENG,12,ARUNACHAL PRADESH,,
ARUNACHAL PRADESH,PAKKE KESSANG,723,PAKKE KESSANG,12,ARUNACHAL PRADESH,,
ARUNACHAL PRADESH,Papum Pare,237,PAPUM PARE,12,ARUNACHAL PRADESH,,
ARUNACHAL PRADESH,Papumpare,237,PAPUM PARE,12,ARUNACHAL PRADESH,,
ARUNACHAL PRADESH,PEKEN YOMCHA,,,,,,
ARUNACHAL PRADESH,PEKEN YOMCHA,241,UPPER SUBANSIRI,12,ARUNACHAL PRADESH,,
ARUNACHAL PRADESH,R. N. LENDO,,,,,,
ARUNACHAL PRADESH,R. N. LENDO,243,WEST SIANG,12,ARUNACHAL PRADESH,,
ARUNACHAL PRADESH,REBO RATAN,235,LOWER DIBANG VALLEY,12,ARUNACHAL PRADESH,,
ARUNACHAL PRADESH,REBO RATAN,235,LOWER DIBANG VALLEY,12,ARUNACHAL PRADESH,,
ARUNACHAL PRADESH,REBOM NGUSSO,,,,,,
ARUNACHAL PRADESH,REBOM NGUSSO,243,WEST SIANG,12,ARUNACHAL PRADESH,,
ARUNACHAL PRADESH,RUPIR SIBOH,,,,,,
ARUNACHAL PRADESH,RUPIR SIBOH,628,ANJAW,12,ARUNACHAL PRADESH,,
ARUNACHAL PRADESH,Siang,679,SIANG,12,ARUNACHAL PRADESH,,
ARUNACHAL PRADESH,TAGOM KETAN,241,UPPER SUBANSIRI,12,ARUNACHAL PRADESH,,
ARUNACHAL PRADESH,TAGOM KETAN,241,UPPER SUBANSIRI,12,ARUNACHAL PRADESH,,
ARUNACHAL PRADESH,TAKU KARU,666,LONGDING,12,ARUNACHAL PRADESH,,
ARUNACHAL PRADESH,TAKU KARU,666,LONGDING,12,ARUNACHAL PRADESH,,
ARUNACHAL PRADESH,TAPOR MIZE,232,EAST SIANG,12,ARUNACHAL PRADESH,,
ARUNACHAL PRADESH,TAPOR MIZE,230,DIBANG VALLEY,12,ARUNACHAL PRADESH,,
ARUNACHAL PRADESH,TARH TAKIA,236,LOWER SUBANSIRI,12,ARUNACHAL PRADESH,,
ARUNACHAL PRADESH,TARH TAKIA,236,LOWER SUBANSIRI,12,ARUNACHAL PRADESH,,
ARUNACHAL PRADESH,Tawang,238,TAWANG,12,ARUNACHAL PRADESH,,
ARUNACHAL PRADESH,Tirap,239,TIRAP,12,ARUNACHAL PRADESH,,
ARUNACHAL PRADESH,TOMO GAMLIN,242,WEST KAMENG,12,ARUNACHAL PRADESH,,
ARUNACHAL PRADESH,TOMO GAMLIN,242,WEST KAMENG,12,ARUNACHAL PRADESH,,
ARUNACHAL PRADESH,TSERING CHEDON,238,TAWANG,12,ARUNACHAL PRADESH,,
ARUNACHAL PRADESH,TSERING CHEDON,238,TAWANG,12,ARUNACHAL PRADESH,,
ARUNACHAL PRADESH,Upper Siang,240,UPPER SIANG,12,ARUNACHAL PRADESH,,
ARUNACHAL PRADESH,Upper Subansiri,241,UPPER SUBANSIRI,12,ARUNACHAL PRADESH,,
ARUNACHAL PRADESH,W.C. CHAKAP,,,,,,
ARUNACHAL PRADESH,W.C. CHAKAP,229,CHANGLANG,12,ARUNACHAL PRADESH,,
ARUNACHAL PRADESH,West Kameng,242,WEST KAMENG,12,ARUNACHAL PRADESH,,
ARUNACHAL PRADESH,West Siang,243,WEST SIANG,12,ARUNACHAL PRADESH,,
ASSAM,"Baksa District â€“ O/o Joint Director, FCS&CA, Kokrajhar",294,KOKRAJHAR,18,ASSAM,,
ASSAM,"Baksa District – O/o Joint Director, FCS&CA, Kokrajhar",616,BAKSA,18,ASSAM,,
ASSAM,"Barpeta District, FCS&CA Office",280,BARPETA,18,ASSAM,,
ASSAM,"Bongaigaon District, FCS&CA Office",281,BONGAIGAON,18,ASSAM,,
ASSAM,"Cachar District, FCS&CA Office",282,CACHAR,18,ASSAM,,
ASSAM,"Chirang District â€“ O/o Joint Director, FCS&CA, Kokrajhar",294,KOKRAJHAR,18,ASSAM,,
ASSAM,"Chirang District – O/o Joint Director, FCS&CA, Kokrajhar",612,CHIRANG,18,ASSAM,,
ASSAM,"Darrang District, FCS&CA Office, Mangaldai",283,DARRANG,18,ASSAM,,
ASSAM,"Dhemaji District, FCS&CA Office",284,DHEMAJI,18,ASSAM,,
ASSAM,"Dhubri District, FCS&CA Office",285,DHUBRI,18,ASSAM,,
ASSAM,"Dibrugarh District, FCS&CA Office",286,DIBRUGARH,18,ASSAM,,
ASSAM,"Dima Hasao District, FCS&CA Office",299,DIMA HASAO,18,ASSAM,,
ASSAM,"FOOD, CIVIL SUPPLIES & CONSUMER AFFAIRS, DC OFFICE, KAMRUP, AMINGAON",618,KAMRUP METRO,18,ASSAM,,
ASSAM,"Goalpara District, FCS&CA Office",287,GOALPARA,18,ASSAM,,
ASSAM,"Golaghat District, FCS&CA Office",288,GOLAGHAT,18,ASSAM,,
ASSAM,"Hailakandi District, FCS&CA Office",289,HAILAKANDI,18,ASSAM,,
ASSAM,"Jorhat District, FCS&CA Office",290,JORHAT,18,ASSAM,,
ASSAM,"Kamrup District, FCS&CA Office, Amingaon",291,KAMRUP,18,ASSAM,,
ASSAM,KAMRUP METRO,618,KAMRUP METRO,18,ASSAM,,
ASSAM,"Kamrup Metropolitan District, FCS&CA Office",618,KAMRUP METRO,18,ASSAM,,
ASSAM,"Karbi Anglong District, FCS&CA Office",292,KARBI ANGLONG,18,ASSAM,,
ASSAM,"Karimganj District, FCS&CA Office",293,KARIMGANJ,18,ASSAM,,
ASSAM,"Kokrajhar District, O/o Joint Director, FCS&CA, Kokrajhar",294,KOKRAJHAR,18,ASSAM,,
ASSAM,"Lakhimpur District, FCS&CA Office",295,LAKHIMPUR,18,ASSAM,,
ASSAM,"Morigaon District, FCS&CA Office",296,MARIGAON,18,ASSAM,,
ASSAM,"Nagaon District, FCS&CA Office",297,NAGAON,18,ASSAM,,
ASSAM,"Nalbari District, FCS&CA Office",298,NALBARI,18,ASSAM,,
ASSAM,"O/O THE DEPUTY COMMISSIONER, FOOD &CIVILSUPPLIES, KAMRUP METRO",618,KAMRUP METRO,18,ASSAM,,
ASSAM,"O/O THE DEPUTY COMMISSIONER, MORIGAON",296,MARIGAON,18,ASSAM,,
ASSAM,"Sivasagar District, FCS&CA Office",300,SIVASAGAR,18,ASSAM,,
ASSAM,"Sonitpur District, FCS&CA Office",301,SONITPUR,18,ASSAM,,
ASSAM,"Tinsukia District, FCS&CA Office",302,TINSUKIA,18,ASSAM,,
ASSAM,"Udalguri District â€“ O/o Joint Director, FCS&CA, Kokrajhar",294,KOKRAJHAR,18,ASSAM,,
ASSAM,"Udalguri District – O/o Joint Director, FCS&CA, Kokrajhar",617,UDALGURI,18,ASSAM,,
BIHAR,"A.D.M (SUPPLY), PATNA.",212,PATNA,10,BIHAR,,
BIHAR,ARARIA,188,ARARIA,10,BIHAR,,
BIHAR,ARWAL,611,ARWAL,10,BIHAR,,
BIHAR,AURANGABAD,189,AURANGABAD,10,BIHAR,,
BIHAR,AURANGABAD,469,AURANGABAD,27,MAHARASHTRA,,
BIHAR,BANKA,190,BANKA,10,BIHAR,,
BIHAR,BEGUSARAI,191,BEGUSARAI,10,BIHAR,,
BIHAR,BHAGALPUR,192,BHAGALPUR,10,BIHAR,,
BIHAR,BHOJPUR,193,BHOJPUR,10,BIHAR,,
BIHAR,BUXAR,194,BUXAR,10,BIHAR,,
BIHAR,D.S.O. BANKA,190,BANKA,10,BIHAR,,
BIHAR,DARBHANGA,195,DARBHANGA,10,BIHAR,,
BIHAR,"DISTRIC SUPPLY OFFICE,lakhisarai",204,LAKHISARAI,10,BIHAR,,
BIHAR,District Supply Office,,,,,,
BIHAR,"DISTRICT SUPPLY OFFICE , NALANDA",209,NALANDA,10,BIHAR,,
BIHAR,DISTRICT SUPPLY OFFICE BEGUSARAI,191,BEGUSARAI,10,BIHAR,,
BIHAR,DISTRICT SUPPLY OFFICE NAWADA,210,NAWADA,10,BIHAR,,
BIHAR,DISTRICT SUPPLY OFFICE PURNEA (BIHAR),214,PURNIA,10,BIHAR,,
BIHAR,District Supply office Sheikhpura,219,SHEIKHPURA,10,BIHAR,,
BIHAR,District Supply Office Sheohar,220,SHEOHAR,10,BIHAR,,
BIHAR,District Supply Office Supaul,223,SUPAUL,10,BIHAR,,
BIHAR,"District Supply Office, Araria",188,ARARIA,10,BIHAR,,
BIHAR,"District Supply Office, Bhagalpur",192,BHAGALPUR,10,BIHAR,,
BIHAR,"DISTRICT SUPPLY OFFICE, BUXAR",194,BUXAR,10,BIHAR,,
BIHAR,"District Supply Office, darbhanga",195,DARBHANGA,10,BIHAR,,
BIHAR,"DISTRICT SUPPLY OFFICE, GAYA",196,GAYA,10,BIHAR,,
BIHAR,"District Supply Office, Katihar",201,KATIHAR,10,BIHAR,,
BIHAR,"DISTRICT SUPPLY OFFICE, KISHANGANJ",203,KISHANGANJ,10,BIHAR,,
BIHAR,"DISTRICT SUPPLY OFFICE, madhubani",206,MADHUBANI,10,BIHAR,,
BIHAR,"DISTRICT SUPPLY OFFICE, MOTIHARI",213,PURBI CHAMPARAN,10,BIHAR,,
BIHAR,"DISTRICT SUPPLY OFFICE, MUNGER",207,MUNGER,10,BIHAR,,
BIHAR,"DISTRICT SUPPLY OFFICE, MUZAFFARPUR",208,MUZAFFARPUR,10,BIHAR,,
BIHAR,"DISTRICT SUPPLY OFFICE, ROHTAS",215,ROHTAS,10,BIHAR,,
BIHAR,"District Supply Office, Samastipur",217,SAMASTIPUR,10,BIHAR,,
BIHAR,"District Supply Office, Saran",218,SARAN,10,BIHAR,,
BIHAR,"DISTRICT SUPPLY OFFICE, SITAMARHI",221,SITAMARHI,10,BIHAR,,
BIHAR,"DISTRICT SUPPLY OFFICE, siwan",222,SIWAN,10,BIHAR,,
BIHAR,"District Supply Office, Vaishali",224,VAISHALI,10,BIHAR,,
BIHAR,"DISTRICT SUPPLY OFFICE,ARWAL",611,ARWAL,10,BIHAR,,
BIHAR,"DISTRICT SUPPLY OFFICE,GOPALGANJ",197,GOPALGANJ,10,BIHAR,,
BIHAR,"DISTRICT SUPPLY OFFICE,MADHEPURA",205,MADHEPURA,10,BIHAR,,
BIHAR,"District Supply Section, Bettiah",211,PASHCHIM CHAMPARAN,10,BIHAR,,
BIHAR,"District Supply Section, Jamui",198,JAMUI,10,BIHAR,,
BIHAR,DISTRICT SUPPY OFFICE KHAGARIA,202,KHAGARIA,10,BIHAR,,
BIHAR,DSO Aurangabad,189,AURANGABAD,10,BIHAR,,
BIHAR,DSO Aurangabad,469,AURANGABAD,27,MAHARASHTRA,,
BIHAR,DSO BHOJPUR,193,BHOJPUR,10,BIHAR,,
BIHAR,DSO Jehanabad,199,JEHANABAD,10,BIHAR,,
BIHAR,DSO Kaimur,200,KAIMUR (BHABUA),10,BIHAR,,
BIHAR,"DSO OFFICE, SAHARSA",216,SAHARSA,10,BIHAR,,
BIHAR,GAYA,196,GAYA,10,BIHAR,,
BIHAR,GOPALGANJ,197,GOPALGANJ,10,BIHAR,,
BIHAR,JAMUI,198,JAMUI,10,BIHAR,,
BIHAR,JEHANABAD,199,JEHANABAD,10,BIHAR,,
BIHAR,KAIMUR (BHABUA),200,KAIMUR (BHABUA),10,BIHAR,,
BIHAR,KATIHAR,201,KATIHAR,10,BIHAR,,
BIHAR,KHAGARIA,202,KHAGARIA,10,BIHAR,,
BIHAR,KISHANGANJ,203,KISHANGANJ,10,BIHAR,,
BIHAR,LAKHISARAI,204,LAKHISARAI,10,BIHAR,,
BIHAR,MADHEPURA,205,MADHEPURA,10,BIHAR,,
BIHAR,MADHUBANI,206,MADHUBANI,10,BIHAR,,
BIHAR,MUNGER,207,MUNGER,10,BIHAR,,
BIHAR,MUZAFFARPUR,208,MUZAFFARPUR,10,BIHAR,,
BIHAR,NALANDA,209,NALANDA,10,BIHAR,,
BIHAR,NAWADA,210,NAWADA,10,BIHAR,,
BIHAR,PASHCHIM CHAMPARAN,211,PASHCHIM CHAMPARAN,10,BIHAR,,
BIHAR,PATNA,212,PATNA,10,BIHAR,,
BIHAR,PURBI CHAMPARAN,213,PURBI CHAMPARAN,10,BIHAR,,
BIHAR,PURNIA,214,PURNIA,10,BIHAR,,
BIHAR,RATIONING OFFICE PATNA,212,PATNA,10,BIHAR,,
BIHAR,ROHTAS,215,ROHTAS,10,BIHAR,,
BIHAR,SAHARSA,216,SAHARSA,10,BIHAR,,
BIHAR,SAMASTIPUR,217,SAMASTIPUR,10,BIHAR,,
BIHAR,SARAN,218,SARAN,10,BIHAR,,
BIHAR,SHEIKHPURA,219,SHEIKHPURA,10,BIHAR,,
BIHAR,SHEOHAR,220,SHEOHAR,10,BIHAR,,
BIHAR,SITAMARHI,221,SITAMARHI,10,BIHAR,,
BIHAR,SIWAN,222,SIWAN,10,BIHAR,,
BIHAR,SUPAUL,223,SUPAUL,10,BIHAR,,
BIHAR,VAISHALI,224,VAISHALI,10,BIHAR,,
CHHATTISGARH,BALOD,646,BALOD,22,CHHATTISGARH,,
CHHATTISGARH,BALODA BAZAR,644,BALODA BAZAR,22,CHHATTISGARH,,
CHHATTISGARH,BALODABAZAR-BHATHAPARA,644,BALODA BAZAR,22,CHHATTISGARH,,
CHHATTISGARH,BALRAMPUR,649,BALRAMPUR,22,CHHATTISGARH,,
CHHATTISGARH,BALRAMPUR,127,BALRAMPUR,9,UTTAR PRADESH,,
CHHATTISGARH,BASTAR,374,BASTAR,22,CHHATTISGARH,,
CHHATTISGARH,BEMETARA,650,BEMETARA,22,CHHATTISGARH,,
CHHATTISGARH,BIJAPUR,636,BIJAPUR,22,CHHATTISGARH,,
CHHATTISGARH,BILASPUR,375,BILASPUR,22,CHHATTISGARH,,
CHHATTISGARH,BILASPUR,15,BILASPUR,2,HIMACHAL PRADESH,,
CHHATTISGARH,DANTEWADA,376,DANTEWADA,22,CHHATTISGARH,,
CHHATTISGARH,DHAMTARI,377,DHAMTARI,22,CHHATTISGARH,,
CHHATTISGARH,DURG,378,DURG,22,CHHATTISGARH,,
CHHATTISGARH,GARIYABAND,645,GARIYABAND,22,CHHATTISGARH,,
CHHATTISGARH,GAURELA-PENDRA-MARWAHI,734,Gaurella Pendra Marwahi,22,CHHATTISGARH,,
CHHATTISGARH,GAURELLA PENDRA MARWAHI,734,Gaurella Pendra Marwahi,22,CHHATTISGARH,,
CHHATTISGARH,JANJGIR,379,JANJGIR-CHAMPA,22,CHHATTISGARH,,
CHHATTISGARH,JANJGIR-CHAMPA,379,JANJGIR-CHAMPA,22,CHHATTISGARH,,
CHHATTISGARH,JASHPUR,380,JASHPUR,22,CHHATTISGARH,,
CHHATTISGARH,KABIRDHAM,382,KABIRDHAM,22,CHHATTISGARH,,
CHHATTISGARH,KANKER,381,KANKER,22,CHHATTISGARH,,
CHHATTISGARH,KAWARDHA,382,KABIRDHAM,22,CHHATTISGARH,,
CHHATTISGARH,KONDAGAON,643,KONDAGAON,22,CHHATTISGARH,,
CHHATTISGARH,KORBA,383,KORBA,22,CHHATTISGARH,,
CHHATTISGARH,KOREA,384,KOREA,22,CHHATTISGARH,,
CHHATTISGARH,KORIA,384,KOREA,22,CHHATTISGARH,,
CHHATTISGARH,MAHASAMUND,385,MAHASAMUND,22,CHHATTISGARH,,
CHHATTISGARH,MUNGELI,647,MUNGELI,22,CHHATTISGARH,,
CHHATTISGARH,NARAYANPUR,637,NARAYANPUR,22,CHHATTISGARH,,
CHHATTISGARH,RAIGARH,386,RAIGARH,22,CHHATTISGARH,,
CHHATTISGARH,RAIGARH,491,RAIGAD,27,MAHARASHTRA,,
CHHATTISGARH,RAIPUR,387,RAIPUR,22,CHHATTISGARH,,
CHHATTISGARH,RAJNANDGAON,388,RAJNANDGAON,22,CHHATTISGARH,,
CHHATTISGARH,SARGUJA,389,SURGUJA,22,CHHATTISGARH,,
CHHATTISGARH,SUKMA,642,SUKMA,22,CHHATTISGARH,,
CHHATTISGARH,SURAJPUR,648,SURAJPUR,22,CHHATTISGARH,,
CHHATTISGARH,SURGUJA,389,SURGUJA,22,CHHATTISGARH,,
DADRA & NAGAR HAVELI,DADRA AND NAGAR HAVELI,465,DADRA AND NAGAR HAVELI,38,THE DADRA AND NAGAR HAVELI AND DAMAN AND DIU,,
DADRA & NAGAR HAVELI,DEPARTMENT OF FOOD & CIVIL SPPLIES & CONSUMER AFFAIRS,465,DADRA AND NAGAR HAVELI,38,THE DADRA AND NAGAR HAVELI AND DAMAN AND DIU,,
DAMAN & DIU,"CIVIL SUPPLIES,COLLECTORATE,DAMAN",463,DAMAN,38,THE DADRA AND NAGAR HAVELI AND DAMAN AND DIU,,
DAMAN & DIU,"CIVIL SUPPLY, DIU",464,DIU,38,THE DADRA AND NAGAR HAVELI AND DAMAN AND DIU,,
DAMAN & DIU,Dadar Nagar Haveli,465,DADRA AND NAGAR HAVELI,38,THE DADRA AND NAGAR HAVELI AND DAMAN AND DIU,,
DAMAN & DIU,DADRA AND NAGAR HAVELI,465,DADRA AND NAGAR HAVELI,38,THE DADRA AND NAGAR HAVELI AND DAMAN AND DIU,,
DAMAN & DIU,DAMAN,463,DAMAN,38,THE DADRA AND NAGAR HAVELI AND DAMAN AND DIU,,
DAMAN & DIU,DIU,464,DIU,38,THE DADRA AND NAGAR HAVELI AND DAMAN AND DIU,,
DELHI,AC CENTRAL,77,CENTRAL,7,DELHI,,
DELHI,AC EAST,78,EAST,7,DELHI,,
DELHI,AC NEW DELHI,79,NEW DELHI,7,DELHI,,
DELHI,AC NORTH,80,NORTH,7,DELHI,,
DELHI,AC NORTH EAST,81,NORTH EAST,7,DELHI,,
DELHI,AC NORTH WEST,82,NORTH WEST,7,DELHI,,
DELHI,AC SOUTH,83,SOUTH,7,DELHI,,
DELHI,AC SOUTH WEST,84,SOUTH WEST,7,DELHI,,
DELHI,AC WEST,85,WEST,7,DELHI,,
DELHI,CENTRAL,77,CENTRAL,7,DELHI,,
DELHI,EAST,78,EAST,7,DELHI,,
DELHI,NEW DELHI,79,NEW DELHI,7,DELHI,,
DELHI,NORTH,80,NORTH,7,DELHI,,
DELHI,NORTH EAST,81,NORTH EAST,7,DELHI,,
DELHI,NORTH WEST,82,NORTH WEST,7,DELHI,,
DELHI,SOUTH,83,SOUTH,7,DELHI,,
DELHI,SOUTH WEST,84,SOUTH WEST,7,DELHI,,
DELHI,WEST,85,WEST,7,DELHI,,
GOA,CIVIL SUPPLIES-NORTH GOA,551,NORTH GOA,30,GOA,,
GOA,CIVIL SUPPLIES-SOUTH GOA,552,SOUTH GOA,30,GOA,,
GOA,NORTH GOA,551,NORTH GOA,30,GOA,,
GOA,SOUTH GOA,552,SOUTH GOA,30,GOA,,
GUJARAT,AHMADABAD,438,AHMADABAD,24,GUJARAT,,
GUJARAT,AHMADABAD CITY,438,AHMADABAD,24,GUJARAT,,
GUJARAT,AMRELI,439,AMRELI,24,GUJARAT,,
GUJARAT,ANAND,440,ANAND,24,GUJARAT,,
GUJARAT,ARVALLI,672,ARVALLI,24,GUJARAT,,
GUJARAT,BANAS KANTHA,441,BANAS KANTHA,24,GUJARAT,,
GUJARAT,BHARUCH,442,BHARUCH,24,GUJARAT,,
GUJARAT,BHAVNAGAR,443,BHAVNAGAR,24,GUJARAT,,
GUJARAT,BOTAD,676,BOTAD,24,GUJARAT,,
GUJARAT,CHHOTAUDEPUR,668,CHHOTAUDEPUR,24,GUJARAT,,
GUJARAT,DANG,444,DANG,24,GUJARAT,,
GUJARAT,DEVBHUMI DWARKA,674,DEVBHUMI DWARKA,24,GUJARAT,,
GUJARAT,DOHAD,445,DOHAD,24,GUJARAT,,
GUJARAT,GANDHINAGAR,446,GANDHINAGAR,24,GUJARAT,,
GUJARAT,GIR SOMNATH,675,GIR SOMNATH,24,GUJARAT,,
GUJARAT,JAMNAGAR,447,JAMNAGAR,24,GUJARAT,,
GUJARAT,JUNAGADH,448,JUNAGADH,24,GUJARAT,,
GUJARAT,KACHCHH,449,KACHCHH,24,GUJARAT,,
GUJARAT,KHEDA,450,KHEDA,24,GUJARAT,,
GUJARAT,MAHESANA,451,MAHESANA,24,GUJARAT,,
GUJARAT,MAHISAGAR,669,Mahisagar,24,GUJARAT,,
GUJARAT,MORBI,673,MORBI,24,GUJARAT,,
GUJARAT,NARMADA,452,NARMADA,24,GUJARAT,,
GUJARAT,NAVSARI,453,NAVSARI,24,GUJARAT,,
GUJARAT,PANCH MAHALS,454,PANCH MAHALS,24,GUJARAT,,
GUJARAT,PATAN,455,PATAN,24,GUJARAT,,
GUJARAT,PORBANDAR,456,PORBANDAR,24,GUJARAT,,
GUJARAT,RAJKOT,457,RAJKOT,24,GUJARAT,,
GUJARAT,SABAR KANTHA,458,SABAR KANTHA,24,GUJARAT,,
GUJARAT,SURAT,459,SURAT,24,GUJARAT,,
GUJARAT,SURENDRANAGAR,460,SURENDRANAGAR,24,GUJARAT,,
GUJARAT,TAPI,641,TAPI,24,GUJARAT,,
GUJARAT,VADODARA,461,VADODARA,24,GUJARAT,,
GUJARAT,VALSAD,462,VALSAD,24,GUJARAT,,
HARYANA,AMBALA,58,AMBALA,6,HARYANA,,
HARYANA,BHIWANI,59,BHIWANI,6,HARYANA,,
HARYANA,CHARKI DADRI,701,CHARKI DADRI,6,HARYANA,,
HARYANA,FARIDABAD,60,FARIDABAD,6,HARYANA,,
HARYANA,FATEHABAD,61,FATEHABAD,6,HARYANA,,
HARYANA,GURUGRAM,62,GURUGRAM,6,HARYANA,,
HARYANA,HISAR,63,HISAR,6,HARYANA,,
HARYANA,JHAJJAR,64,JHAJJAR,6,HARYANA,,
HARYANA,JIND,65,JIND,6,HARYANA,,
HARYANA,KAITHAL,66,KAITHAL,6,HARYANA,,
HARYANA,KARNAL,67,KARNAL,6,HARYANA,,
HARYANA,KURUKSHETRA,68,KURUKSHETRA,6,HARYANA,,
HARYANA,MAHENDRAGARH,69,MAHENDRAGARH,6,HARYANA,,
HARYANA,MEWAT,604,NUH,6,HARYANA,,
HARYANA,NUH,604,NUH,6,HARYANA,,
HARYANA,PALWAL,619,PALWAL,6,HARYANA,,
HARYANA,PANCHKULA,70,PANCHKULA,6,HARYANA,,
HARYANA,PANIPAT,71,PANIPAT,6,HARYANA,,
HARYANA,REWARI,72,REWARI,6,HARYANA,,
HARYANA,ROHTAK,73,ROHTAK,6,HARYANA,,
HARYANA,SIRSA,74,SIRSA,6,HARYANA,,
HARYANA,SONIPAT,75,SONIPAT,6,HARYANA,,
HARYANA,YAMUNANAGAR,76,YAMUNANAGAR,6,HARYANA,,
HIMACHAL PRADESH,BILASPUR,15,BILASPUR,2,HIMACHAL PRADESH,,
HIMACHAL PRADESH,"Bilaspur,District Controller, FCS and CA,",15,BILASPUR,2,HIMACHAL PRADESH,,
HIMACHAL PRADESH,CHAMBA,16,CHAMBA,2,HIMACHAL PRADESH,,
HIMACHAL PRADESH,"Chamba,District Controller, FCS and CA",16,CHAMBA,2,HIMACHAL PRADESH,,
HIMACHAL PRADESH,HAMIRPUR,17,HAMIRPUR,2,HIMACHAL PRADESH,,
HIMACHAL PRADESH,HAMIRPUR,149,HAMIRPUR,9,UTTAR PRADESH,,
HIMACHAL PRADESH,"Hamirpur, District Controller, FCS and CA,",17,HAMIRPUR,2,HIMACHAL PRADESH,,
HIMACHAL PRADESH,"Hamirpur, District Controller, FCS and CA,",149,HAMIRPUR,9,UTTAR PRADESH,,
HIMACHAL PRADESH,KANGRA,18,KANGRA,2,HIMACHAL PRADESH,,
HIMACHAL PRADESH,"Kangra,District Controller, FCS and CA,",18,KANGRA,2,HIMACHAL PRADESH,,
HIMACHAL PRADESH,"Keylong,District Controller, FCS and CA, Lahaul and Spiti at",21,LAHUL AND SPITI,2,HIMACHAL PRADESH,,
HIMACHAL PRADESH,KINNAUR,19,KINNAUR,2,HIMACHAL PRADESH,,
HIMACHAL PRADESH,"Kinnaur,District Controller, FCS and CA,",19,KINNAUR,2,HIMACHAL PRADESH,,
HIMACHAL PRADESH,KULLU,20,KULLU,2,HIMACHAL PRADESH,,
HIMACHAL PRADESH,"Kullu,District Controller, FCS and CA,",20,KULLU,2,HIMACHAL PRADESH,,
HIMACHAL PRADESH,LAHAUL AND SPITI,21,LAHUL AND SPITI,2,HIMACHAL PRADESH,,
HIMACHAL PRADESH,LAHUL AND SPITI,21,LAHUL AND SPITI,2,HIMACHAL PRADESH,,
HIMACHAL PRADESH,MANDI,22,MANDI,2,HIMACHAL PRADESH,,
HIMACHAL PRADESH,"Mandi, District Controller, FCS and CA,",22,MANDI,2,HIMACHAL PRADESH,,
HIMACHAL PRADESH,SHIMLA,23,SHIMLA,2,HIMACHAL PRADESH,,
HIMACHAL PRADESH,"Shimla,District Controller, FCS and CA,",23,SHIMLA,2,HIMACHAL PRADESH,,
HIMACHAL PRADESH,SIRMAUR,24,SIRMAUR,2,HIMACHAL PRADESH,,
HIMACHAL PRADESH,"Sirmour,District Controller, FCS and CA,",24,SIRMAUR,2,HIMACHAL PRADESH,,
HIMACHAL PRADESH,SOLAN,25,SOLAN,2,HIMACHAL PRADESH,,
HIMACHAL PRADESH,"Solan,District Controller, FCS and CA,",25,SOLAN,2,HIMACHAL PRADESH,,
HIMACHAL PRADESH,UNA,26,UNA,2,HIMACHAL PRADESH,,
HIMACHAL PRADESH,"UNA District Controller, FCS and CA,",26,UNA,2,HIMACHAL PRADESH,,
JAMMU AND KASHMIR,AD ANANTNAG,1,ANANTNAG,1,JAMMU AND KASHMIR,,
JAMMU AND KASHMIR,AD BANDIPORA,623,BANDIPORA,1,JAMMU AND KASHMIR,,
JAMMU AND KASHMIR,AD BARAMULLA,3,BARAMULLA,1,JAMMU AND KASHMIR,,
JAMMU AND KASHMIR,AD BUDGAM,2,Budgam,1,JAMMU AND KASHMIR,,
JAMMU AND KASHMIR,AD DODA,4,DODA,1,JAMMU AND KASHMIR,,
JAMMU AND KASHMIR,AD GANDERBAL/SRINAGAR RURAL,626,GANDERBAL,1,JAMMU AND KASHMIR,,
JAMMU AND KASHMIR,AD JAMMU CIRCLE-1,5,JAMMU,1,JAMMU AND KASHMIR,,
JAMMU AND KASHMIR,AD JAMMU CIRCLE-2,5,JAMMU,1,JAMMU AND KASHMIR,,
JAMMU AND KASHMIR,AD JAMMU CIRCLE-3,5,JAMMU,1,JAMMU AND KASHMIR,,
JAMMU AND KASHMIR,AD JAMMU RURAL,5,JAMMU,1,JAMMU AND KASHMIR,,
JAMMU AND KASHMIR,AD KARGIL,6,KARGIL,37,LADAKH,,
JAMMU AND KASHMIR,AD KATHUA,9,LEH LADAKH,37,LADAKH,,
JAMMU AND KASHMIR,AD KISHTWAR,620,KISHTWAR,1,JAMMU AND KASHMIR,,
JAMMU AND KASHMIR,AD KULGAM,622,KULGAM,1,JAMMU AND KASHMIR,,
JAMMU AND KASHMIR,AD KUPWARA,8,KUPWARA,1,JAMMU AND KASHMIR,,
JAMMU AND KASHMIR,AD LEH,9,LEH LADAKH,37,LADAKH,,
JAMMU AND KASHMIR,AD POONCH,10,POONCH,1,JAMMU AND KASHMIR,,
JAMMU AND KASHMIR,AD PULWAMA,11,PULWAMA,1,JAMMU AND KASHMIR,,
JAMMU AND KASHMIR,AD RAJOURI,12,RAJOURI,1,JAMMU AND KASHMIR,,
JAMMU AND KASHMIR,AD RAMBAN,621,RAMBAN,1,JAMMU AND KASHMIR,,
JAMMU AND KASHMIR,AD REASI,627,REASI,1,JAMMU AND KASHMIR,,
JAMMU AND KASHMIR,AD SAMBA,624,SAMBA,1,JAMMU AND KASHMIR,,
JAMMU AND KASHMIR,AD SHOPIAN,625,SHOPIAN,1,JAMMU AND KASHMIR,,
JAMMU AND KASHMIR,AD SRINAGAR,13,SRINAGAR,1,JAMMU AND KASHMIR,,
JAMMU AND KASHMIR,AD UDHAMPUR,14,UDHAMPUR,1,JAMMU AND KASHMIR,,
JAMMU AND KASHMIR,ANANTNAG,1,ANANTNAG,1,JAMMU AND KASHMIR,,
JAMMU AND KASHMIR,Bandipora,623,BANDIPORA,1,JAMMU AND KASHMIR,,
JAMMU AND KASHMIR,Baramulla,3,BARAMULLA,1,JAMMU AND KASHMIR,,
JAMMU AND KASHMIR,Budgam,2,Budgam,1,JAMMU AND KASHMIR,,
JAMMU AND KASHMIR,DODA,4,DODA,1,JAMMU AND KASHMIR,,
JAMMU AND KASHMIR,GANDERBAL/SRINAGAR RURAL,626,GANDERBAL,1,JAMMU AND KASHMIR,,
JAMMU AND KASHMIR,JAMMU CIRCLE 01,5,JAMMU,1,JAMMU AND KASHMIR,,
JAMMU AND KASHMIR,JAMMU CIRCLE 02,5,JAMMU,1,JAMMU AND KASHMIR,,
JAMMU AND KASHMIR,JAMMU CIRCLE 03,5,JAMMU,1,JAMMU AND KASHMIR,,
JAMMU AND KASHMIR,Jammu Circle-1,5,JAMMU,1,JAMMU AND KASHMIR,,
JAMMU AND KASHMIR,Jammu Circle-2,5,JAMMU,1,JAMMU AND KASHMIR,,
JAMMU AND KASHMIR,Jammu Circle-3,5,JAMMU,1,JAMMU AND KASHMIR,,
JAMMU AND KASHMIR,JAMMU RURAL,5,JAMMU,1,JAMMU AND KASHMIR,,
JAMMU AND KASHMIR,KARGIL,6,KARGIL,37,LADAKH,,
JAMMU AND KASHMIR,KATHUA,7,KATHUA,1,JAMMU AND KASHMIR,,
JAMMU AND KASHMIR,KISHTWAR,620,KISHTWAR,1,JAMMU AND KASHMIR,,
JAMMU AND KASHMIR,KULGAM,622,KULGAM,1,JAMMU AND KASHMIR,,
JAMMU AND KASHMIR,Kupwara,8,KUPWARA,1,JAMMU AND KASHMIR,,
JAMMU AND KASHMIR,POONCH,10,POONCH,1,JAMMU AND KASHMIR,,
JAMMU AND KASHMIR,PULWAMA,11,PULWAMA,1,JAMMU AND KASHMIR,,
JAMMU AND KASHMIR,RAJOURI,12,RAJOURI,1,JAMMU AND KASHMIR,,
JAMMU AND KASHMIR,RAMBAN,621,RAMBAN,1,JAMMU AND KASHMIR,,
JAMMU AND KASHMIR,REASI,627,REASI,1,JAMMU AND KASHMIR,,
JAMMU AND KASHMIR,SAMBA,624,SAMBA,1,JAMMU AND KASHMIR,,
JAMMU AND KASHMIR,SHOPIAN,625,SHOPIAN,1,JAMMU AND KASHMIR,,
JAMMU AND KASHMIR,SRINAGAR,13,SRINAGAR,1,JAMMU AND KASHMIR,,
JAMMU AND KASHMIR,UDHAMPUR,14,UDHAMPUR,1,JAMMU AND KASHMIR,,
JHARKHAND,BOKARO,322,BOKARO,20,JHARKHAND,,
JHARKHAND,CHATRA,323,CHATRA,20,JHARKHAND,,
JHARKHAND,DEOGHAR,324,DEOGHAR,20,JHARKHAND,,
JHARKHAND,DHANBAD,325,DHANBAD,20,JHARKHAND,,
JHARKHAND,DUMKA,326,DUMKA,20,JHARKHAND,,
JHARKHAND,EAST SINGHBUM,327,EAST SINGHBUM,20,JHARKHAND,,
JHARKHAND,GARHWA,328,GARHWA,20,JHARKHAND,,
JHARKHAND,GIRIDIH,329,GIRIDIH,20,JHARKHAND,,
JHARKHAND,GODDA,330,GODDA,20,JHARKHAND,,
JHARKHAND,GUMLA,331,GUMLA,20,JHARKHAND,,
JHARKHAND,HAZARIBAGH,332,HAZARIBAGH,20,JHARKHAND,,
JHARKHAND,JAMTARA,333,JAMTARA,20,JHARKHAND,,
JHARKHAND,KHUNTI,606,KHUNTI,20,JHARKHAND,,
JHARKHAND,KODARMA,334,KODERMA,20,JHARKHAND,,
JHARKHAND,KODERMA,334,KODERMA,20,JHARKHAND,,
JHARKHAND,LATEHAR,335,LATEHAR,20,JHARKHAND,,
JHARKHAND,LOHARDAGA,336,LOHARDAGA,20,JHARKHAND,,
JHARKHAND,PAKUR,337,PAKUR,20,JHARKHAND,,
JHARKHAND,PALAMU,338,PALAMU,20,JHARKHAND,,
JHARKHAND,PASHCHIMI SINGHBHUM,343,WEST SINGHBHUM,20,JHARKHAND,,
JHARKHAND,PURBI SINGHBHUM,327,EAST SINGHBUM,20,JHARKHAND,,
JHARKHAND,RAMGARH,607,RAMGARH,20,JHARKHAND,,
JHARKHAND,RANCHI,339,RANCHI,20,JHARKHAND,,
JHARKHAND,SAHEBGANJ,340,SAHEBGANJ,20,JHARKHAND,,
JHARKHAND,SAHIBGANJ,340,SAHEBGANJ,20,JHARKHAND,,
JHARKHAND,SARAIKELA KHARSAWAN,341,SARAIKELA KHARSAWAN,20,JHARKHAND,,
JHARKHAND,SARAIKELA-KHARSAWAN,341,SARAIKELA KHARSAWAN,20,JHARKHAND,,
JHARKHAND,SIMDEGA,342,SIMDEGA,20,JHARKHAND,,
JHARKHAND,WEST SINGHBHUM,343,WEST SINGHBHUM,20,JHARKHAND,,
KARNATAKA,BAGALKOT,524,BAGALKOTE,29,KARNATAKA,,
KARNATAKA,BAGALKOTE,524,BAGALKOTE,29,KARNATAKA,,
KARNATAKA,BALLARI,528,BALLARI,29,KARNATAKA,,
KARNATAKA,BANGALORE EAST,525,BENGALURU URBAN,29,KARNATAKA,,
KARNATAKA,BANGALORE NORTH,525,BENGALURU URBAN,29,KARNATAKA,,
KARNATAKA,BANGALORE SOUTH,525,BENGALURU URBAN,29,KARNATAKA,,
KARNATAKA,BANGALORE WEST,525,BENGALURU URBAN,29,KARNATAKA,,
KARNATAKA,BELAGAVI,527,BELAGAVI,29,KARNATAKA,,
KARNATAKA,BENGALURU,525,BENGALURU URBAN,29,KARNATAKA,,
KARNATAKA,BENGALURU EAST,525,BENGALURU URBAN,29,KARNATAKA,,
KARNATAKA,BENGALURU NORTH,525,BENGALURU URBAN,29,KARNATAKA,,
KARNATAKA,BENGALURU RURAL,526,BENGALURU RURAL,29,KARNATAKA,,
KARNATAKA,BENGALURU SOUTH,525,BENGALURU URBAN,29,KARNATAKA,,
KARNATAKA,BENGALURU URBAN,525,BENGALURU URBAN,29,KARNATAKA,,
KARNATAKA,BENGALURU WEST,525,BENGALURU URBAN,29,KARNATAKA,,
KARNATAKA,BIDAR,529,BIDAR,29,KARNATAKA,,
KARNATAKA,CHAMARAJANAGAR,531,CHAMARAJANAGARA,29,KARNATAKA,,
KARNATAKA,CHAMARAJANAGARA,531,CHAMARAJANAGARA,29,KARNATAKA,,
KARNATAKA,CHIKBALLAPUR,630,CHIKKABALLAPURA,29,KARNATAKA,,
KARNATAKA,CHIKKABALLAPURA,630,CHIKKABALLAPURA,29,KARNATAKA,,
KARNATAKA,CHIKKAMAGALURU,532,CHIKKAMAGALURU,29,KARNATAKA,,
KARNATAKA,CHITRADURGA,533,CHITRADURGA,29,KARNATAKA,,
KARNATAKA,DAKSHIN KANNAD,534,DAKSHINA KANNADA,29,KARNATAKA,,
KARNATAKA,DAKSHINA KANNADA,534,DAKSHINA KANNADA,29,KARNATAKA,,
KARNATAKA,DAVANAGERE,535,DAVANGERE,29,KARNATAKA,,
KARNATAKA,DAVANGERE,535,DAVANGERE,29,KARNATAKA,,
KARNATAKA,DFSO BAGALKOT,524,BAGALKOTE,29,KARNATAKA,,
KARNATAKA,DFSO BALLARI,528,BALLARI,29,KARNATAKA,,
KARNATAKA,DFSO BELAGAVI,527,BELAGAVI,29,KARNATAKA,,
KARNATAKA,DFSO BENGALURU RURAL,526,BENGALURU RURAL,29,KARNATAKA,,
KARNATAKA,DFSO BENGALURU URBAN,525,BENGALURU URBAN,29,KARNATAKA,,
KARNATAKA,DFSO BIDAR,529,BIDAR,29,KARNATAKA,,
KARNATAKA,DFSO CHAMARAJANAGAR,531,CHAMARAJANAGARA,29,KARNATAKA,,
KARNATAKA,DFSO CHIKBALLAPUR,630,CHIKKABALLAPURA,29,KARNATAKA,,
KARNATAKA,DFSO CHIKKAMAGALURU,532,CHIKKAMAGALURU,29,KARNATAKA,,
KARNATAKA,DFSO CHITRADURGA,533,CHITRADURGA,29,KARNATAKA,,
KARNATAKA,DFSO DAKSHIN KANNAD,534,DAKSHINA KANNADA,29,KARNATAKA,,
KARNATAKA,DFSO DAVANGERE,535,DAVANGERE,29,KARNATAKA,,
KARNATAKA,DFSO DHARWAD,536,DHARWAD,29,KARNATAKA,,
KARNATAKA,DFSO GADAG,537,GADAG,29,KARNATAKA,,
KARNATAKA,DFSO HASSAN,539,HASSAN,29,KARNATAKA,,
KARNATAKA,DFSO HAVERI,540,HAVERI,29,KARNATAKA,,
KARNATAKA,DFSO KALABURAGI,538,KALABURAGI,29,KARNATAKA,,
KARNATAKA,DFSO KODAGU,541,KODAGU,29,KARNATAKA,,
KARNATAKA,DFSO KOLAR,542,KOLAR,29,KARNATAKA,,
KARNATAKA,DFSO KOPPAL,543,KOPPAL,29,KARNATAKA,,
KARNATAKA,DFSO MANDYA,544,MANDYA,29,KARNATAKA,,
KARNATAKA,DFSO MYSURU,545,MYSURU,29,KARNATAKA,,
KARNATAKA,DFSO RAICHUR,546,RAICHUR,29,KARNATAKA,,
KARNATAKA,DFSO RAMANAGARA,631,RAMANAGARA,29,KARNATAKA,,
KARNATAKA,DFSO SHIVAMOGGA,547,SHIVAMOGGA,29,KARNATAKA,,
KARNATAKA,DFSO TUMAKURU,548,TUMAKURU,29,KARNATAKA,,
KARNATAKA,DFSO UDUPI,549,UDUPI,29,KARNATAKA,,
KARNATAKA,DFSO UTTAR KANNAD,550,UTTARA KANNADA,29,KARNATAKA,,
KARNATAKA,DFSO VIJAYAPURA,530,VIJAYAPURA,29,KARNATAKA,,
KARNATAKA,DFSO YADGIR,635,YADGIR,29,KARNATAKA,,
KARNATAKA,DHARWAD,536,DHARWAD,29,KARNATAKA,,
KARNATAKA,DHARWAR,536,DHARWAD,29,KARNATAKA,,
KARNATAKA,GADAG,537,GADAG,29,KARNATAKA,,
KARNATAKA,HASSAN,539,HASSAN,29,KARNATAKA,,
KARNATAKA,HAVERI,540,HAVERI,29,KARNATAKA,,
KARNATAKA,KALABURAGI,538,KALABURAGI,29,KARNATAKA,,
KARNATAKA,KODAGU,541,KODAGU,29,KARNATAKA,,
KARNATAKA,KOLAR,542,KOLAR,29,KARNATAKA,,
KARNATAKA,KOPPAL,543,KOPPAL,29,KARNATAKA,,
KARNATAKA,MANDYA,544,MANDYA,29,KARNATAKA,,
KARNATAKA,MYSURU,545,MYSURU,29,KARNATAKA,,
KARNATAKA,Office Name,,,,,,
KARNATAKA,RAICHUR,546,RAICHUR,29,KARNATAKA,,
KARNATAKA,RAMANAGARA,631,RAMANAGARA,29,KARNATAKA,,
KARNATAKA,SHIVAMOGGA,547,SHIVAMOGGA,29,KARNATAKA,,
KARNATAKA,TUMAKURU,548,TUMAKURU,29,KARNATAKA,,
KARNATAKA,UDUPI,549,UDUPI,29,KARNATAKA,,
KARNATAKA,UTTAR KANNAD,550,UTTARA KANNADA,29,KARNATAKA,,
KARNATAKA,UTTARA KANNADA,550,UTTARA KANNADA,29,KARNATAKA,,
KARNATAKA,VIJAYAPURA,530,VIJAYAPURA,29,KARNATAKA,,
KARNATAKA,YADGIR,635,YADGIR,29,KARNATAKA,,
KERALA,ALAPPUZHA,554,ALAPPUZHA,32,KERALA,,
KERALA,"DISTRICT SUPPLY OFFICE, KOLLAM",559,KOLLAM,32,KERALA,,
KERALA,DSO ALAPPUZHA,554,ALAPPUZHA,32,KERALA,,
KERALA,DSO ERNAKULAM,555,ERNAKULAM,32,KERALA,,
KERALA,DSO IDUKKI,556,IDUKKI,32,KERALA,,
KERALA,DSO KANNUR,557,KANNUR,32,KERALA,,
KERALA,DSO KASARAGOD,558,KASARAGOD,32,KERALA,,
KERALA,DSO KOTTAYAM,560,KOTTAYAM,32,KERALA,,
KERALA,DSO KOZHIKKODE,561,KOZHIKODE,32,KERALA,,
KERALA,DSO MALAPPURAM,562,MALAPPURAM,32,KERALA,,
KERALA,DSO PALAKKAD,563,PALAKKAD,32,KERALA,,
KERALA,DSO PATHANAMTHITTA,564,PATHANAMTHITTA,32,KERALA,,
KERALA,DSO THIRUVANANTHAPURAM,565,THIRUVANANTHAPURAM,32,KERALA,,
KERALA,DSO THRISSUR,566,THRISSUR,32,KERALA,,
KERALA,DSO WAYANAD,567,WAYANAD,32,KERALA,,
KERALA,ERNAKULAM,555,ERNAKULAM,32,KERALA,,
KERALA,IDUKKI,556,IDUKKI,32,KERALA,,
KERALA,KANNUR,557,KANNUR,32,KERALA,,
KERALA,KASARAGOD,558,KASARAGOD,32,KERALA,,
KERALA,KASARGODU,558,KASARAGOD,32,KERALA,,
KERALA,KOLLAM,559,KOLLAM,32,KERALA,,
KERALA,KOTTAYAM,560,KOTTAYAM,32,KERALA,,
KERALA,KOZHIKKODU,561,KOZHIKODE,32,KERALA,,
KERALA,KOZHIKODE,561,KOZHIKODE,32,KERALA,,
KERALA,MALAPPURAM,562,MALAPPURAM,32,KERALA,,
KERALA,PALAKKAD,563,PALAKKAD,32,KERALA,,
KERALA,PATHANAMTHITTA,564,PATHANAMTHITTA,32,KERALA,,
KERALA,THIRUVANANTHAPURAM,565,THIRUVANANTHAPURAM,32,KERALA,,
KERALA,THRISSUR,566,THRISSUR,32,KERALA,,
KERALA,WAYANAD,567,WAYANAD,32,KERALA,,
LADAKH,KARGIL,6,KARGIL,37,LADAKH,,
LADAKH,LEH,9,LEH LADAKH,37,LADAKH,,
LAKSHADWEEP,DEPARTMENT OF FOOD AND CIVIL SUPPLIES,553,LAKSHADWEEP DISTRICT,31,LAKSHADWEEP,,
LAKSHADWEEP,LAKSHADWEEP DISTRICT,553,LAKSHADWEEP DISTRICT,31,LAKSHADWEEP,,
MADHYA PRADESH,AGAR,667,AGAR MALWA,23,MADHYA PRADESH,,
MADHYA PRADESH,AGAR MALWA,667,AGAR MALWA,23,MADHYA PRADESH,,
MADHYA PRADESH,ALIRAJPUR,639,ALIRAJPUR,23,MADHYA PRADESH,,
MADHYA PRADESH,ANUPPUR,390,ANUPPUR,23,MADHYA PRADESH,,
MADHYA PRADESH,ASHOKNAGAR,391,ASHOKNAGAR,23,MADHYA PRADESH,,
MADHYA PRADESH,BALAGHAT,392,BALAGHAT,23,MADHYA PRADESH,,
MADHYA PRADESH,BARWANI,393,BARWANI,23,MADHYA PRADESH,,
MADHYA PRADESH,BETUL,394,BETUL,23,MADHYA PRADESH,,
MADHYA PRADESH,BHIND,395,BHIND,23,MADHYA PRADESH,,
MADHYA PRADESH,BHOPAL,396,BHOPAL,23,MADHYA PRADESH,,
MADHYA PRADESH,BURHANPUR,397,BURHANPUR,23,MADHYA PRADESH,,
MADHYA PRADESH,CHHATARPUR,398,CHHATARPUR,23,MADHYA PRADESH,,
MADHYA PRADESH,CHHINDWARA,399,CHHINDWARA,23,MADHYA PRADESH,,
MADHYA PRADESH,DAMOH,400,DAMOH,23,MADHYA PRADESH,,
MADHYA PRADESH,DATIA,401,DATIA,23,MADHYA PRADESH,,
MADHYA PRADESH,DEWAS,402,DEWAS,23,MADHYA PRADESH,,
MADHYA PRADESH,DHAR,403,DHAR,23,MADHYA PRADESH,,
MADHYA PRADESH,DINDORI,404,DINDORI,23,MADHYA PRADESH,,
MADHYA PRADESH,"DISTRICT FOOD CONTROLLER, BHOPAL",396,BHOPAL,23,MADHYA PRADESH,,
MADHYA PRADESH,"DISTRICT FOOD CONTROLLER, GWALIOR",407,GWALIOR,23,MADHYA PRADESH,,
MADHYA PRADESH,"DISTRICT FOOD CONTROLLER, INDORE",410,INDORE,23,MADHYA PRADESH,,
MADHYA PRADESH,"DISTRICT FOOD CONTROLLER, JABALPUR",411,JABALPUR,23,MADHYA PRADESH,,
MADHYA PRADESH,"DISTRICT FOOD OFFICE , DHAR",403,DHAR,23,MADHYA PRADESH,,
MADHYA PRADESH,"DISTRICT FOOD OFFICE , PANNA",420,PANNA,23,MADHYA PRADESH,,
MADHYA PRADESH,"DISTRICT FOOD OFFICE , RAISEN",421,RAISEN,23,MADHYA PRADESH,,
MADHYA PRADESH,"DISTRICT FOOD OFFICE , SHAJAPUR",430,SHAJAPUR,23,MADHYA PRADESH,,
MADHYA PRADESH,"DISTRICT FOOD OFFICE ,SATNA",426,SATNA,23,MADHYA PRADESH,,
MADHYA PRADESH,DISTRICT FOOD OFFICE M SINGRAULI,638,SINGRAULI,23,MADHYA PRADESH,,
MADHYA PRADESH,"DISTRICT FOOD OFFICE, ALIRAJPUR",639,ALIRAJPUR,23,MADHYA PRADESH,,
MADHYA PRADESH,"DISTRICT FOOD OFFICE, ANUPPUR",390,ANUPPUR,23,MADHYA PRADESH,,
MADHYA PRADESH,"DISTRICT FOOD OFFICE, ASHOKNAGAR",391,ASHOKNAGAR,23,MADHYA PRADESH,,
MADHYA PRADESH,"DISTRICT FOOD OFFICE, BALAGHAT",392,BALAGHAT,23,MADHYA PRADESH,,
MADHYA PRADESH,"DISTRICT FOOD OFFICE, BETUL",394,BETUL,23,MADHYA PRADESH,,
MADHYA PRADESH,"DISTRICT FOOD OFFICE, BURHANPUR",397,BURHANPUR,23,MADHYA PRADESH,,
MADHYA PRADESH,"DISTRICT FOOD OFFICE, CHHINDWADA",399,CHHINDWARA,23,MADHYA PRADESH,,
MADHYA PRADESH,"DISTRICT FOOD OFFICE, DAMOH",400,DAMOH,23,MADHYA PRADESH,,
MADHYA PRADESH,"DISTRICT FOOD OFFICE, DEWAS",402,DEWAS,23,MADHYA PRADESH,,
MADHYA PRADESH,"DISTRICT FOOD OFFICE, DINDORI",404,DINDORI,23,MADHYA PRADESH,,
MADHYA PRADESH,"DISTRICT FOOD OFFICE, GUNA",406,GUNA,23,MADHYA PRADESH,,
MADHYA PRADESH,"DISTRICT FOOD OFFICE, HARDA",408,HARDA,23,MADHYA PRADESH,,
MADHYA PRADESH,"DISTRICT FOOD OFFICE, JHABUA",412,JHABUA,23,MADHYA PRADESH,,
MADHYA PRADESH,"DISTRICT FOOD OFFICE, KATNI",413,KATNI,23,MADHYA PRADESH,,
MADHYA PRADESH,"DISTRICT FOOD OFFICE, KHANDWA",405,EAST NIMAR,23,MADHYA PRADESH,,
MADHYA PRADESH,"DISTRICT FOOD OFFICE, KHARGONE",414,KHARGONE,23,MADHYA PRADESH,,
MADHYA PRADESH,"DISTRICT FOOD OFFICE, MANDLA",415,MANDLA,23,MADHYA PRADESH,,
MADHYA PRADESH,"DISTRICT FOOD OFFICE, MANDSAUR",416,MANDSAUR,23,MADHYA PRADESH,,
MADHYA PRADESH,"DISTRICT FOOD OFFICE, MORENA",417,MORENA,23,MADHYA PRADESH,,
MADHYA PRADESH,"DISTRICT FOOD OFFICE, NARSIMHAPUR",418,NARSINGHPUR,23,MADHYA PRADESH,,
MADHYA PRADESH,"DISTRICT FOOD OFFICE, NEEMUCH",419,NEEMUCH,23,MADHYA PRADESH,,
MADHYA PRADESH,"DISTRICT FOOD OFFICE, NIWARI",722,Niwari,23,MADHYA PRADESH,,
MADHYA PRADESH,"DISTRICT FOOD OFFICE, RAJGARH",422,RAJGARH,23,MADHYA PRADESH,,
MADHYA PRADESH,"DISTRICT FOOD OFFICE, SAGAR",425,SAGAR,23,MADHYA PRADESH,,
MADHYA PRADESH,"DISTRICT FOOD OFFICE, SEHORE",427,SEHORE,23,MADHYA PRADESH,,
MADHYA PRADESH,"DISTRICT FOOD OFFICE, SEONI",428,SEONI,23,MADHYA PRADESH,,
MADHYA PRADESH,"DISTRICT FOOD OFFICE, SHAHDOL",429,SHAHDOL,23,MADHYA PRADESH,,
MADHYA PRADESH,"DISTRICT FOOD OFFICE, SHIVPURI",432,SHIVPURI,23,MADHYA PRADESH,,
MADHYA PRADESH,"DISTRICT FOOD OFFICE, SIDHI",433,SIDHI,23,MADHYA PRADESH,,
MADHYA PRADESH,"DISTRICT FOOD OFFICE, UMARIA",436,UMARIA,23,MADHYA PRADESH,,
MADHYA PRADESH,"DISTRICT FOOD OFFICE, VIDISHA",437,VIDISHA,23,MADHYA PRADESH,,
MADHYA PRADESH,"DISTRICT FOOD OFFICE,BARWANI",393,BARWANI,23,MADHYA PRADESH,,
MADHYA PRADESH,"DISTRICT FOOD OFFICE,BHIND",395,BHIND,23,MADHYA PRADESH,,
MADHYA PRADESH,"DISTRICT FOOD OFFICE,CHHATARPUR",398,CHHATARPUR,23,MADHYA PRADESH,,
MADHYA PRADESH,"DISTRICT FOOD OFFICE,DATIA",401,DATIA,23,MADHYA PRADESH,,
MADHYA PRADESH,"DISTRICT FOOD OFFICE,RATLAM",423,RATLAM,23,MADHYA PRADESH,,
MADHYA PRADESH,"DISTRICT FOOD OFFICE,REWA",424,REWA,23,MADHYA PRADESH,,
MADHYA PRADESH,"DISTRICT FOOD OFFICE,SHEOPOUR",431,SHEOPUR,23,MADHYA PRADESH,,
MADHYA PRADESH,"DISTRICT FOOD OFFICE,TIKAMGARH",434,TIKAMGARH,23,MADHYA PRADESH,,
MADHYA PRADESH,"DISTRICT FOOD OFFICER, HOSHANGABAD",409,HOSHANGABAD,23,MADHYA PRADESH,,
MADHYA PRADESH,"DISTRICT FOOD OFFICER, UJJAIN",435,UJJAIN,23,MADHYA PRADESH,,
MADHYA PRADESH,DSO AGAR MALWA,667,AGAR MALWA,23,MADHYA PRADESH,,
MADHYA PRADESH,DSO ALIRAJPUR,639,ALIRAJPUR,23,MADHYA PRADESH,,
MADHYA PRADESH,DSO ANUPPUR,390,ANUPPUR,23,MADHYA PRADESH,,
MADHYA PRADESH,DSO ASHOKNAGAR,391,ASHOKNAGAR,23,MADHYA PRADESH,,
MADHYA PRADESH,DSO BALAGHAT,392,BALAGHAT,23,MADHYA PRADESH,,
MADHYA PRADESH,DSO BARWANI,393,BARWANI,23,MADHYA PRADESH,,
MADHYA PRADESH,DSO BETUL,394,BETUL,23,MADHYA PRADESH,,
MADHYA PRADESH,DSO BHIND,395,BHIND,23,MADHYA PRADESH,,
MADHYA PRADESH,DSO BHOPAL,396,BHOPAL,23,MADHYA PRADESH,,
MADHYA PRADESH,DSO BURHANPUR,397,BURHANPUR,23,MADHYA PRADESH,,
MADHYA PRADESH,DSO CHHATARPUR,398,CHHATARPUR,23,MADHYA PRADESH,,
MADHYA PRADESH,DSO CHHINDWARA,399,CHHINDWARA,23,MADHYA PRADESH,,
MADHYA PRADESH,DSO DAMOH,400,DAMOH,23,MADHYA PRADESH,,
MADHYA PRADESH,DSO DATIA,401,DATIA,23,MADHYA PRADESH,,
MADHYA PRADESH,DSO DEWAS,402,DEWAS,23,MADHYA PRADESH,,
MADHYA PRADESH,DSO DHAR,403,DHAR,23,MADHYA PRADESH,,
MADHYA PRADESH,DSO DINDORI,404,DINDORI,23,MADHYA PRADESH,,
MADHYA PRADESH,DSO GUNA,406,GUNA,23,MADHYA PRADESH,,
MADHYA PRADESH,DSO GWALIOR,407,GWALIOR,23,MADHYA PRADESH,,
MADHYA PRADESH,DSO HARDA,408,HARDA,23,MADHYA PRADESH,,
MADHYA PRADESH,DSO HOSHANGABAD,409,HOSHANGABAD,23,MADHYA PRADESH,,
MADHYA PRADESH,DSO INDORE,410,INDORE,23,MADHYA PRADESH,,
MADHYA PRADESH,DSO JABALPUR,411,JABALPUR,23,MADHYA PRADESH,,
MADHYA PRADESH,DSO JHABUA,412,JHABUA,23,MADHYA PRADESH,,
MADHYA PRADESH,DSO KATNI,413,KATNI,23,MADHYA PRADESH,,
MADHYA PRADESH,DSO KHANDWA,405,EAST NIMAR,23,MADHYA PRADESH,,
MADHYA PRADESH,DSO KHARGONE,414,KHARGONE,23,MADHYA PRADESH,,
MADHYA PRADESH,DSO MANDLA,415,MANDLA,23,MADHYA PRADESH,,
MADHYA PRADESH,DSO MANDSAUR,416,MANDSAUR,23,MADHYA PRADESH,,
MADHYA PRADESH,DSO MORENA,417,MORENA,23,MADHYA PRADESH,,
MADHYA PRADESH,DSO NARSINGHPUR,418,NARSINGHPUR,23,MADHYA PRADESH,,
MADHYA PRADESH,DSO NEEMUCH,419,NEEMUCH,23,MADHYA PRADESH,,
MADHYA PRADESH,DSO PANNA,420,PANNA,23,MADHYA PRADESH,,
MADHYA PRADESH,DSO RAISEN,421,RAISEN,23,MADHYA PRADESH,,
MADHYA PRADESH,DSO RAJGARH,422,RAJGARH,23,MADHYA PRADESH,,
MADHYA PRADESH,DSO RATLAM,423,RATLAM,23,MADHYA PRADESH,,
MADHYA PRADESH,DSO REWA,424,REWA,23,MADHYA PRADESH,,
MADHYA PRADESH,DSO SAGAR,425,SAGAR,23,MADHYA PRADESH,,
MADHYA PRADESH,DSO SATNA,426,SATNA,23,MADHYA PRADESH,,
MADHYA PRADESH,DSO SEHORE,427,SEHORE,23,MADHYA PRADESH,,
MADHYA PRADESH,DSO SEONI,428,SEONI,23,MADHYA PRADESH,,
MADHYA PRADESH,DSO SHAHDOL,429,SHAHDOL,23,MADHYA PRADESH,,
MADHYA PRADESH,DSO SHAJAPUR,430,SHAJAPUR,23,MADHYA PRADESH,,
MADHYA PRADESH,DSO SHEOPUR,431,SHEOPUR,23,MADHYA PRADESH,,
MADHYA PRADESH,DSO SHIVPURI,432,SHIVPURI,23,MADHYA PRADESH,,
MADHYA PRADESH,DSO SIDHI,433,SIDHI,23,MADHYA PRADESH,,
MADHYA PRADESH,DSO SINGROULI,638,SINGRAULI,23,MADHYA PRADESH,,
MADHYA PRADESH,DSO TIKAMGARH,434,TIKAMGARH,23,MADHYA PRADESH,,
MADHYA PRADESH,DSO UJJAIN,435,UJJAIN,23,MADHYA PRADESH,,
MADHYA PRADESH,DSO UMARIA,436,UMARIA,23,MADHYA PRADESH,,
MADHYA PRADESH,DSO VIDISHA,437,VIDISHA,23,MADHYA PRADESH,,
MADHYA PRADESH,EAST NIMAR,405,EAST NIMAR,23,MADHYA PRADESH,,
MADHYA PRADESH,GUNA,406,GUNA,23,MADHYA PRADESH,,
MADHYA PRADESH,GWALIOR,407,GWALIOR,23,MADHYA PRADESH,,
MADHYA PRADESH,HARDA,408,HARDA,23,MADHYA PRADESH,,
MADHYA PRADESH,HOSHANGABAD,409,HOSHANGABAD,23,MADHYA PRADESH,,
MADHYA PRADESH,INDORE,410,INDORE,23,MADHYA PRADESH,,
MADHYA PRADESH,JABALPUR,411,JABALPUR,23,MADHYA PRADESH,,
MADHYA PRADESH,JHABUA,412,JHABUA,23,MADHYA PRADESH,,
MADHYA PRADESH,KATNI,413,KATNI,23,MADHYA PRADESH,,
MADHYA PRADESH,KHANDWA,405,EAST NIMAR,23,MADHYA PRADESH,,
MADHYA PRADESH,KHARGONE,414,KHARGONE,23,MADHYA PRADESH,,
MADHYA PRADESH,MANDLA,415,MANDLA,23,MADHYA PRADESH,,
MADHYA PRADESH,MANDSAUR,416,MANDSAUR,23,MADHYA PRADESH,,
MADHYA PRADESH,MORENA,417,MORENA,23,MADHYA PRADESH,,
MADHYA PRADESH,NARSIMHAPUR,418,NARSINGHPUR,23,MADHYA PRADESH,,
MADHYA PRADESH,NARSINGHPUR,418,NARSINGHPUR,23,MADHYA PRADESH,,
MADHYA PRADESH,NEEMUCH,419,NEEMUCH,23,MADHYA PRADESH,,
MADHYA PRADESH,Niwari,722,Niwari,23,MADHYA PRADESH,,
MADHYA PRADESH,PANNA,420,PANNA,23,MADHYA PRADESH,,
MADHYA PRADESH,RAISEN,421,RAISEN,23,MADHYA PRADESH,,
MADHYA PRADESH,RAJGARH,422,RAJGARH,23,MADHYA PRADESH,,
MADHYA PRADESH,RATLAM,423,RATLAM,23,MADHYA PRADESH,,
MADHYA PRADESH,REWA,424,REWA,23,MADHYA PRADESH,,
MADHYA PRADESH,SAGAR,425,SAGAR,23,MADHYA PRADESH,,
MADHYA PRADESH,SATNA,426,SATNA,23,MADHYA PRADESH,,
MADHYA PRADESH,SEHORE,427,SEHORE,23,MADHYA PRADESH,,
MADHYA PRADESH,SEONI,428,SEONI,23,MADHYA PRADESH,,
MADHYA PRADESH,SHAHDOL,429,SHAHDOL,23,MADHYA PRADESH,,
MADHYA PRADESH,SHAJAPUR,430,SHAJAPUR,23,MADHYA PRADESH,,
MADHYA PRADESH,SHEOPUR,431,SHEOPUR,23,MADHYA PRADESH,,
MADHYA PRADESH,SHIVPURI,432,SHIVPURI,23,MADHYA PRADESH,,
MADHYA PRADESH,SIDHI,433,SIDHI,23,MADHYA PRADESH,,
MADHYA PRADESH,SINGRAULI,638,SINGRAULI,23,MADHYA PRADESH,,
MADHYA PRADESH,TIKAMGARH,434,TIKAMGARH,23,MADHYA PRADESH,,
MADHYA PRADESH,UJJAIN,435,UJJAIN,23,MADHYA PRADESH,,
MADHYA PRADESH,UMARIA,436,UMARIA,23,MADHYA PRADESH,,
MADHYA PRADESH,VIDISHA,437,VIDISHA,23,MADHYA PRADESH,,
MAHARASHTRA,A REGION PAREL,482,MUMBAI,27,MAHARASHTRA,,
MAHARASHTRA,Ahmadnagar,466,AHMEDNAGAR,27,MAHARASHTRA,,
MAHARASHTRA,AHMEDNAGAR,466,AHMEDNAGAR,27,MAHARASHTRA,,
MAHARASHTRA,Akola,467,AKOLA,27,MAHARASHTRA,,
MAHARASHTRA,Amravati,468,AMRAVATI,27,MAHARASHTRA,,
MAHARASHTRA,Aurangabad,469,AURANGABAD,27,MAHARASHTRA,,
MAHARASHTRA,Beed,470,BEED,27,MAHARASHTRA,,
MAHARASHTRA,Bhandara,471,BHANDARA,27,MAHARASHTRA,,
MAHARASHTRA,Buldana,472,BULDHANA,27,MAHARASHTRA,,
MAHARASHTRA,BULDHANA,472,BULDHANA,27,MAHARASHTRA,,
MAHARASHTRA,Chandrapur,473,CHANDRAPUR,27,MAHARASHTRA,,
MAHARASHTRA,"COLLECTOR OFFICE (BRANCH FOOD DISTRIBUTION), NAGPUR",484,NAGPUR,27,MAHARASHTRA,,
MAHARASHTRA,"COLLECTOR OFFICE (BRANCH FOOD DISTRIBUTION), PUNE",490,PUNE,27,MAHARASHTRA,,
MAHARASHTRA,"COLLECTOR OFFICE (BRANCH FOOD DISTRIBUTION), SOLAPUR",496,SOLAPUR,27,MAHARASHTRA,,
MAHARASHTRA,"COLLECTOR OFFICE (BRANCH SUPPLY), AHMEDNAGAR",466,AHMEDNAGAR,27,MAHARASHTRA,,
MAHARASHTRA,"COLLECTOR OFFICE (BRANCH SUPPLY), AMRAVATI",468,AMRAVATI,27,MAHARASHTRA,,
MAHARASHTRA,"COLLECTOR OFFICE (BRANCH SUPPLY), AURANGABAD",469,AURANGABAD,27,MAHARASHTRA,,
MAHARASHTRA,"COLLECTOR OFFICE (BRANCH SUPPLY), BEED",470,BEED,27,MAHARASHTRA,,
MAHARASHTRA,"COLLECTOR OFFICE (BRANCH SUPPLY), BULDANA",472,BULDHANA,27,MAHARASHTRA,,
MAHARASHTRA,"COLLECTOR OFFICE (BRANCH SUPPLY), DHULE",474,DHULE,27,MAHARASHTRA,,
MAHARASHTRA,"COLLECTOR OFFICE (BRANCH SUPPLY), GONDIA",476,GONDIA,27,MAHARASHTRA,,
MAHARASHTRA,"COLLECTOR OFFICE (BRANCH SUPPLY), KOLHAPUR",480,KOLHAPUR,27,MAHARASHTRA,,
MAHARASHTRA,"COLLECTOR OFFICE (BRANCH SUPPLY), NAGPUR",484,NAGPUR,27,MAHARASHTRA,,
MAHARASHTRA,"COLLECTOR OFFICE (BRANCH SUPPLY), NANDED",485,NANDED,27,MAHARASHTRA,,
MAHARASHTRA,"COLLECTOR OFFICE (BRANCH SUPPLY), NANDURBAR",486,NANDURBAR,27,MAHARASHTRA,,
MAHARASHTRA,"COLLECTOR OFFICE (BRANCH SUPPLY), PALGHAR",665,PALGHAR,27,MAHARASHTRA,,
MAHARASHTRA,"COLLECTOR OFFICE (BRANCH SUPPLY), PARBHANI",489,PARBHANI,27,MAHARASHTRA,,
MAHARASHTRA,"COLLECTOR OFFICE (BRANCH SUPPLY), RAIGAD-ALIBAG",491,RAIGAD,27,MAHARASHTRA,,
MAHARASHTRA,"COLLECTOR OFFICE (BRANCH SUPPLY), SANGLI",493,SANGLI,27,MAHARASHTRA,,
MAHARASHTRA,"COLLECTOR OFFICE (BRANCH SUPPLY), SINDHUDURG",495,SINDHUDURG,27,MAHARASHTRA,,
MAHARASHTRA,"COLLECTOR OFFICE (BRANCH SUPPLY), WASHIM",499,WASHIM,27,MAHARASHTRA,,
MAHARASHTRA,"COLLECTOR OFFICE (BRANCH SUPPLY),AKOLA",467,AKOLA,27,MAHARASHTRA,,
MAHARASHTRA,"COLLECTOR OFFICE (BRANCH SUPPLY),BHANDARA",471,BHANDARA,27,MAHARASHTRA,,
MAHARASHTRA,"COLLECTOR OFFICE (BRANCH SUPPLY),CHANDRAPUR",473,CHANDRAPUR,27,MAHARASHTRA,,
MAHARASHTRA,"COLLECTOR OFFICE (BRANCH SUPPLY),GADCHIROLI",475,GADCHIROLI,27,MAHARASHTRA,,
MAHARASHTRA,"COLLECTOR OFFICE (BRANCH SUPPLY),HINGOLI",477,HINGOLI,27,MAHARASHTRA,,
MAHARASHTRA,"COLLECTOR OFFICE (BRANCH SUPPLY),JALNA",479,JALNA,27,MAHARASHTRA,,
MAHARASHTRA,"COLLECTOR OFFICE (BRANCH SUPPLY),LATUR",481,LATUR,27,MAHARASHTRA,,
MAHARASHTRA,"COLLECTOR OFFICE (BRANCH SUPPLY),NASHIK",487,NASHIK,27,MAHARASHTRA,,
MAHARASHTRA,"COLLECTOR OFFICE (BRANCH SUPPLY),OSMANABAD",488,OSMANABAD,27,MAHARASHTRA,,
MAHARASHTRA,"COLLECTOR OFFICE (BRANCH SUPPLY),PUNE",490,PUNE,27,MAHARASHTRA,,
MAHARASHTRA,"COLLECTOR OFFICE (BRANCH SUPPLY),SATARA",494,SATARA,27,MAHARASHTRA,,
MAHARASHTRA,"COLLECTOR OFFICE (BRANCH SUPPLY),SOLAPUR",496,SOLAPUR,27,MAHARASHTRA,,
MAHARASHTRA,"COLLECTOR OFFICE (BRANCH SUPPLY),THANE",497,THANE,27,MAHARASHTRA,,
MAHARASHTRA,"COLLECTOR OFFICE (BRANCH SUPPLY),WARDHA",498,WARDHA,27,MAHARASHTRA,,
MAHARASHTRA,"COLLECTOR OFFICE (BRANCH SUPPLY),YAVATMAL",500,YAVATMAL,27,MAHARASHTRA,,
MAHARASHTRA,"COLLECTOR OFFICE (SUPPLY BRANCH), JALGAON",478,JALGAON,27,MAHARASHTRA,,
MAHARASHTRA,"COLLECTOR OFFICE(SUPPLY BRANCH), RATNAGIRI",492,RATNAGIRI,27,MAHARASHTRA,,
MAHARASHTRA,D REGION ANDHERI,482,MUMBAI,27,MAHARASHTRA,,
MAHARASHTRA,DEPUTY CONTROLLER OF RATIONING A REGION PAREL,482,MUMBAI,27,MAHARASHTRA,,
MAHARASHTRA,"DEPUTY CONTROLLER OF RATIONING, D REGION, SANTACRUZ",482,MUMBAI,27,MAHARASHTRA,,
MAHARASHTRA,"DEPUTY CONTROLLER OF RATIONING, E REGION, WADALA",482,MUMBAI,27,MAHARASHTRA,,
MAHARASHTRA,"DEPUTY CONTROLLER OF RATIONING, F REGION, THANE",497,THANE,27,MAHARASHTRA,,
MAHARASHTRA,"DEPUTY CONTROLLER OF RATIONING, G REGION, KANDIVALI",483,MUMBAI SUBURBAN,27,MAHARASHTRA,,
MAHARASHTRA,Dhule,474,DHULE,27,MAHARASHTRA,,
MAHARASHTRA,E REGION WADALA,482,MUMBAI,27,MAHARASHTRA,,
MAHARASHTRA,F REGION THANE,483,MUMBAI SUBURBAN,27,MAHARASHTRA,,
MAHARASHTRA,G REGION KANDIVALI,483,MUMBAI SUBURBAN,27,MAHARASHTRA,,
MAHARASHTRA,GADCHIROLI,475,GADCHIROLI,27,MAHARASHTRA,,
MAHARASHTRA,Gondia,476,GONDIA,27,MAHARASHTRA,,
MAHARASHTRA,Hingoli,477,HINGOLI,27,MAHARASHTRA,,
MAHARASHTRA,JALGAON,478,JALGAON,27,MAHARASHTRA,,
MAHARASHTRA,Jalna,479,JALNA,27,MAHARASHTRA,,
MAHARASHTRA,Kolhapur,480,KOLHAPUR,27,MAHARASHTRA,,
MAHARASHTRA,LATUR,481,LATUR,27,MAHARASHTRA,,
MAHARASHTRA,NAGPUR DSO,484,NAGPUR,27,MAHARASHTRA,,
MAHARASHTRA,Nagpur Fdo,484,NAGPUR,27,MAHARASHTRA,,
MAHARASHTRA,Nanded,485,NANDED,27,MAHARASHTRA,,
MAHARASHTRA,Nandurbar,486,NANDURBAR,27,MAHARASHTRA,,
MAHARASHTRA,Nashik,487,NASHIK,27,MAHARASHTRA,,
MAHARASHTRA,Osmanabad,488,OSMANABAD,27,MAHARASHTRA,,
MAHARASHTRA,Palghar,665,PALGHAR,27,MAHARASHTRA,,
MAHARASHTRA,Parbhani,489,PARBHANI,27,MAHARASHTRA,,
MAHARASHTRA,Pune Dso,490,PUNE,27,MAHARASHTRA,,
MAHARASHTRA,Pune FDO,490,PUNE,27,MAHARASHTRA,,
MAHARASHTRA,RAIGAD,491,RAIGAD,27,MAHARASHTRA,,
MAHARASHTRA,Ratnagiri,492,RATNAGIRI,27,MAHARASHTRA,,
MAHARASHTRA,Sangli,493,SANGLI,27,MAHARASHTRA,,
MAHARASHTRA,SATARA,494,SATARA,27,MAHARASHTRA,,
MAHARASHTRA,Sindhudurg,495,SINDHUDURG,27,MAHARASHTRA,,
MAHARASHTRA,Solapur DSO,496,SOLAPUR,27,MAHARASHTRA,,
MAHARASHTRA,SOLAPUR FDO,496,SOLAPUR,27,MAHARASHTRA,,
MAHARASHTRA,THANE,497,THANE,27,MAHARASHTRA,,
MAHARASHTRA,Wardha,498,WARDHA,27,MAHARASHTRA,,
MAHARASHTRA,Washim,499,WASHIM,27,MAHARASHTRA,,
MAHARASHTRA,YAVATMAL,500,YAVATMAL,27,MAHARASHTRA,,
MANIPUR,ADC Kangpokpi,712,KANGPOKPI,14,MANIPUR,,
MANIPUR,ADC Office Moreh,716,TENGNOUPAL,14,MANIPUR,,
MANIPUR,BISHNUPUR,252,BISHNUPUR,14,MANIPUR,,
MANIPUR,CHANDEL,253,CHANDEL,14,MANIPUR,,
MANIPUR,CHURACHANDPUR,254,CHURACHANDPUR,14,MANIPUR,,
MANIPUR,DSO BISHNUPUR,252,BISHNUPUR,14,MANIPUR,,
MANIPUR,DSO CHANDEL,253,CHANDEL,14,MANIPUR,,
MANIPUR,DSO CHURACHANDPUR,254,CHURACHANDPUR,14,MANIPUR,,
MANIPUR,DSO IMPHAL EAST,255,IMPHAL EAST,14,MANIPUR,,
MANIPUR,DSO LAMPHEL,256,IMPHAL WEST,14,MANIPUR,,
MANIPUR,DSO SENAPATI,257,SENAPATI,14,MANIPUR,,
MANIPUR,DSO TAMENGLONG,258,TAMENGLONG,14,MANIPUR,,
MANIPUR,DSO THOUBAL,259,THOUBAL,14,MANIPUR,,
MANIPUR,DSO UKHRUL,260,UKHRUL,14,MANIPUR,,
MANIPUR,IMPHAL EAST,255,IMPHAL EAST,14,MANIPUR,,
MANIPUR,IMPHAL WEST,256,IMPHAL WEST,14,MANIPUR,,
MANIPUR,JIRIBAM,713,JIRIBAM,14,MANIPUR,,
MANIPUR,Jiribam ADC,713,JIRIBAM,14,MANIPUR,,
MANIPUR,KAKCHING,711,KAKCHING,14,MANIPUR,,
MANIPUR,KAMJONG,717,KAMJONG,14,MANIPUR,,
MANIPUR,KANGPOKPI,712,KANGPOKPI,14,MANIPUR,,
MANIPUR,NONEY,714,NONEY,14,MANIPUR,,
MANIPUR,PHERZWAL,715,PHERZAWL,14,MANIPUR,,
MANIPUR,TAMENGLONG,258,TAMENGLONG,14,MANIPUR,,
MANIPUR,TENGNOUPAL,716,TENGNOUPAL,14,MANIPUR,,
MANIPUR,THOUBAL,259,THOUBAL,14,MANIPUR,,
MEGHALAYA,East Garo Hills,273,EAST GARO HILLS,17,MEGHALAYA,,
MEGHALAYA,East Jaintia Hills,657,EAST JAINTIA HILLS,17,MEGHALAYA,,
MEGHALAYA,East Khasi Hills,274,EAST KHASI HILLS,17,MEGHALAYA,,
MEGHALAYA,North Garo Hills,656,NORTH GARO HILLS,17,MEGHALAYA,,
MEGHALAYA,"OFFICE OF THE DEPUTY COMMISSIONER(SUPPLY), AMPATI",663,SOUTH WEST GARO HILLS,17,MEGHALAYA,,
MEGHALAYA,"OFFICE OF THE DEPUTY COMMISSIONER(SUPPLY), BAGHMARA",277,SOUTH GARO HILLS,17,MEGHALAYA,,
MEGHALAYA,"OFFICE OF THE DEPUTY COMMISSIONER(SUPPLY), JOWAI",275,WEST JAINTIA HILLS,17,MEGHALAYA,,
MEGHALAYA,"OFFICE OF THE DEPUTY COMMISSIONER(SUPPLY), KHLIEHRIAT",657,EAST JAINTIA HILLS,17,MEGHALAYA,,
MEGHALAYA,"OFFICE OF THE DEPUTY COMMISSIONER(SUPPLY), MAWKYRWAT",658,SOUTH WEST KHASI HILLS,17,MEGHALAYA,,
MEGHALAYA,"OFFICE OF THE DEPUTY COMMISSIONER(SUPPLY), NONGPOH",276,RI BHOI,17,MEGHALAYA,,
MEGHALAYA,"OFFICE OF THE DEPUTY COMMISSIONER(SUPPLY), NONGSTOIN",279,WEST KHASI HILLS,17,MEGHALAYA,,
MEGHALAYA,"OFFICE OF THE DEPUTY COMMISSIONER(SUPPLY), RESUBELPARA",656,NORTH GARO HILLS,17,MEGHALAYA,,
MEGHALAYA,"OFFICE OF THE DEPUTY COMMISSIONER(SUPPLY), SHILLONG",274,EAST KHASI HILLS,17,MEGHALAYA,,
MEGHALAYA,"OFFICE OF THE DEPUTY COMMISSIONER(SUPPLY), TURA",278,WEST GARO HILLS,17,MEGHALAYA,,
MEGHALAYA,"OFFICE OF THE DEPUTY COMMISSIONER(SUPPLY), WILLIAMNAGAR",273,EAST GARO HILLS,17,MEGHALAYA,,
MEGHALAYA,"OFFICE OF THE SUB DIVISIONAL OFFICER(SUPPLY), AMLAREM",275,WEST JAINTIA HILLS,17,MEGHALAYA,,
MEGHALAYA,"OFFICE OF THE SUB DIVISIONAL OFFICER(SUPPLY), DADENGIRI",278,WEST GARO HILLS,17,MEGHALAYA,,
MEGHALAYA,"OFFICE OF THE SUB DIVISIONAL OFFICER(SUPPLY), MAIRANG",279,WEST KHASI HILLS,17,MEGHALAYA,,
MEGHALAYA,"OFFICE OF THE SUB DIVISIONAL OFFICER(SUPPLY), SOHRA",274,EAST KHASI HILLS,17,MEGHALAYA,,
MEGHALAYA,"MEGHALAYAOFFICE OF THE SUB DIVISIONAL OFFICER(SUPPLY), PYNURSLA",274,EAST KHASI HILLS,17,MEGHALAYA,,
MEGHALAYA,Ri Bhoi,276,RI BHOI,17,MEGHALAYA,,
MEGHALAYA,South Garo Hills,277,SOUTH GARO HILLS,17,MEGHALAYA,,
MEGHALAYA,SOUTH WEST GARO HILLS,658,SOUTH WEST KHASI HILLS,17,MEGHALAYA,,
MEGHALAYA,South West Khasi Hills,658,SOUTH WEST KHASI HILLS,17,MEGHALAYA,,
MEGHALAYA,Southwest Garo Hills,663,SOUTH WEST GARO HILLS,17,MEGHALAYA,,
MEGHALAYA,West Garo Hills,278,WEST GARO HILLS,17,MEGHALAYA,,
MEGHALAYA,West Jaintia Hills,275,WEST JAINTIA HILLS,17,MEGHALAYA,,
MEGHALAYA,West Khasi Hills,279,WEST KHASI HILLS,17,MEGHALAYA,,
MIZORAM,AIZAWL,261,AIZAWL,15,MIZORAM,,
MIZORAM,AIZAWL EAST,261,AIZAWL,15,MIZORAM,,
MIZORAM,AIZAWL WEST,261,AIZAWL,15,MIZORAM,,
MIZORAM,CHAMPHAI,262,CHAMPHAI,15,MIZORAM,,
MIZORAM,DCSO CHAMPHAI,262,CHAMPHAI,15,MIZORAM,,
MIZORAM,DCSO KOLASIB,263,KOLASIB,15,MIZORAM,,
MIZORAM,DCSO LAWNGTLAI,264,LAWNGTLAI,15,MIZORAM,,
MIZORAM,DCSO LUNGLEI,265,LUNGLEI,15,MIZORAM,,
MIZORAM,DCSO MAMIT,266,MAMIT,15,MIZORAM,,
MIZORAM,DCSO SAIHA,267,SAIHA,15,MIZORAM,,
MIZORAM,DCSO SERCHHIP,268,SERCHHIP,15,MIZORAM,,
MIZORAM,KOLASIB,263,KOLASIB,15,MIZORAM,,
MIZORAM,LAWNGTLAI,264,LAWNGTLAI,15,MIZORAM,,
MIZORAM,LUNGLEI,265,LUNGLEI,15,MIZORAM,,
MIZORAM,MAMIT,266,MAMIT,15,MIZORAM,,
MIZORAM,SAIHA,267,SAIHA,15,MIZORAM,,
MIZORAM,SERCHHIP,268,SERCHHIP,15,MIZORAM,,
NAGALAND,Assistant Director Food & Civil Supplies KOHIMA,245,KOHIMA,13,NAGALAND,,
NAGALAND,"Assistant Director Food & Civil Supply, Mon",247,MON,13,NAGALAND,,
NAGALAND,"Assistant Director Food & Civil Supply, Tuensang",249,TUENSANG,13,NAGALAND,,
NAGALAND,"Assistant Director Food & Civil Supply, Wokha",250,WOKHA,13,NAGALAND,,
NAGALAND,"ASSISTANT DIRECTOR FOOD & CIVIL SUPPLY, ZUNHEBOTO",251,ZUNHEBOTO,13,NAGALAND,,
NAGALAND,DIMAPUR,244,DIMAPUR,13,NAGALAND,,
NAGALAND,KIPHIRE,614,KIPHIRE,13,NAGALAND,,
NAGALAND,KOHIMA,245,KOHIMA,13,NAGALAND,,
NAGALAND,LONGLENG,615,LONGLENG,13,NAGALAND,,
NAGALAND,MOKOKCHUNG,246,MOKOKCHUNG,13,NAGALAND,,
NAGALAND,MON,247,MON,13,NAGALAND,,
NAGALAND,"OFFICE OF THE ASSISTANT DIRECTOR FOOD & CIVIL SUPPLY, MOKOKCHUNG",246,MOKOKCHUNG,13,NAGALAND,,
NAGALAND,"OFFICE OF THE ASSISTANT DIRECTOR, FOOD & CIVIL SUPPLIES, DIMAPUR",244,DIMAPUR,13,NAGALAND,,
NAGALAND,"OFFICE OF THE SUPERINTENDENT OF SUPPLIES, PEREN",613,PEREN,13,NAGALAND,,
NAGALAND,"OFFICE OF THE SUPERINTENDENT,FOOD&CIVIL SUPPLIES,KIPHIRE",614,KIPHIRE,13,NAGALAND,,
NAGALAND,"OFFICE OF THE SUPERINTENDENT,FOOD&CIVIL SUPPLIES,LONGLENG",615,LONGLENG,13,NAGALAND,,
NAGALAND,PEREN,613,PEREN,13,NAGALAND,,
NAGALAND,PHEK,248,PHEK,13,NAGALAND,,
NAGALAND,"Superintendent of Food & Civil Supply, Phek",248,PHEK,13,NAGALAND,,
NAGALAND,TUENSANG,249,TUENSANG,13,NAGALAND,,
NAGALAND,WOKHA,250,WOKHA,13,NAGALAND,,
NAGALAND,ZUNHEBOTO,251,ZUNHEBOTO,13,NAGALAND,,
ODISHA,ANGUL,344,ANUGUL,21,ODISHA,,
ODISHA,ANUGUL,344,ANUGUL,21,ODISHA,,
ODISHA,BALANGIR,345,BALANGIR,21,ODISHA,,
ODISHA,BALASORE,346,BALESHWAR,21,ODISHA,,
ODISHA,BALESHWAR,346,BALESHWAR,21,ODISHA,,
ODISHA,BARAGARH,347,BARGARH,21,ODISHA,,
ODISHA,BARGARH,347,BARGARH,21,ODISHA,,
ODISHA,BHADRAK,348,BHADRAK,21,ODISHA,,
ODISHA,BOLANGIR,345,BALANGIR,21,ODISHA,,
ODISHA,BOUDH,349,BOUDH,21,ODISHA,,
ODISHA,CUTTACK,350,CUTTACK,21,ODISHA,,
ODISHA,DCSO ANUGUL,344,ANUGUL,21,ODISHA,,
ODISHA,DCSO BALANGIR,345,BALANGIR,21,ODISHA,,
ODISHA,DCSO BALESHWAR,346,BALESHWAR,21,ODISHA,,
ODISHA,DCSO BARGARH,347,BARGARH,21,ODISHA,,
ODISHA,DCSO BHADRAK,348,BHADRAK,21,ODISHA,,
ODISHA,DCSO BOUDH,349,BOUDH,21,ODISHA,,
ODISHA,DCSO CUTTACK,350,CUTTACK,21,ODISHA,,
ODISHA,DCSO DEOGARH,351,DEOGARH,21,ODISHA,,
ODISHA,DCSO DHENKANAL,352,DHENKANAL,21,ODISHA,,
ODISHA,DCSO GAJAPATI,353,GAJAPATI,21,ODISHA,,
ODISHA,DCSO GANJAM,354,GANJAM,21,ODISHA,,
ODISHA,DCSO JAGATSINGHAPUR,355,JAGATSINGHAPUR,21,ODISHA,,
ODISHA,DCSO JAJAPUR,356,JAJAPUR,21,ODISHA,,
ODISHA,DCSO JHARSUGUDA,357,JHARSUGUDA,21,ODISHA,,
ODISHA,DCSO KALAHANDI,358,KALAHANDI,21,ODISHA,,
ODISHA,DCSO KANDHAMAL,359,KANDHAMAL,21,ODISHA,,
ODISHA,DCSO KENDRAPARA,360,KENDRAPARA,21,ODISHA,,
ODISHA,DCSO KENDUJHAR,361,KENDUJHAR,21,ODISHA,,
ODISHA,DCSO KHORDHA,362,KHORDHA,21,ODISHA,,
ODISHA,DCSO KORAPUT,363,KORAPUT,21,ODISHA,,
ODISHA,DCSO MALKANGIRI,364,MALKANGIRI,21,ODISHA,,
ODISHA,DCSO MAYURBHANJ,365,MAYURBHANJ,21,ODISHA,,
ODISHA,DCSO NABARANGPUR,366,NABARANGPUR,21,ODISHA,,
ODISHA,DCSO NAYAGARH,367,NAYAGARH,21,ODISHA,,
ODISHA,DCSO NUAPADA,368,NUAPADA,21,ODISHA,,
ODISHA,DCSO PURI,369,PURI,21,ODISHA,,
ODISHA,DCSO RAYAGADA,370,RAYAGADA,21,ODISHA,,
ODISHA,DCSO SAMBALPUR,371,SAMBALPUR,21,ODISHA,,
ODISHA,DCSO SONEPUR,372,SONEPUR,21,ODISHA,,
ODISHA,DCSO SUNDARGARH,373,SUNDARGARH,21,ODISHA,,
ODISHA,DEOGARH,351,DEOGARH,21,ODISHA,,
ODISHA,DHENKANAL,352,DHENKANAL,21,ODISHA,,
ODISHA,GAJAPATI,353,GAJAPATI,21,ODISHA,,
ODISHA,GANJAM,354,GANJAM,21,ODISHA,,
ODISHA,JAGATSINGHAPUR,355,JAGATSINGHAPUR,21,ODISHA,,
ODISHA,JAGATSINGHPUR,355,JAGATSINGHAPUR,21,ODISHA,,
ODISHA,JAJAPUR,356,JAJAPUR,21,ODISHA,,
ODISHA,JAJPUR,356,JAJAPUR,21,ODISHA,,
ODISHA,JHARSUGUDA,357,JHARSUGUDA,21,ODISHA,,
ODISHA,KALAHANDI,358,KALAHANDI,21,ODISHA,,
ODISHA,KANDHAMAL,359,KANDHAMAL,21,ODISHA,,
ODISHA,KENDRAPARA,360,KENDRAPARA,21,ODISHA,,
ODISHA,KENDUJHAR,361,KENDUJHAR,21,ODISHA,,
ODISHA,KEONJHAR,361,KENDUJHAR,21,ODISHA,,
ODISHA,KHORDHA,362,KHORDHA,21,ODISHA,,
ODISHA,KORAPUT,363,KORAPUT,21,ODISHA,,
ODISHA,MALKANGIRI,364,MALKANGIRI,21,ODISHA,,
ODISHA,MAYURBHANJ,365,MAYURBHANJ,21,ODISHA,,
ODISHA,NABARANGPUR,366,NABARANGPUR,21,ODISHA,,
ODISHA,NAWARANGPUR,366,NABARANGPUR,21,ODISHA,,
ODISHA,NAYAGARH,367,NAYAGARH,21,ODISHA,,
ODISHA,NUAPADA,368,NUAPADA,21,ODISHA,,
ODISHA,PURI,369,PURI,21,ODISHA,,
ODISHA,RAYAGADA,370,RAYAGADA,21,ODISHA,,
ODISHA,SAMBALPUR,371,SAMBALPUR,21,ODISHA,,
ODISHA,SONEPUR,372,SONEPUR,21,ODISHA,,
ODISHA,SUNDARGARH,373,SUNDARGARH,21,ODISHA,,
ODISHA,SUNDERGARH,373,SUNDARGARH,21,ODISHA,,
PUNJAB,AMRITSAR,27,AMRITSAR,3,PUNJAB,,
PUNJAB,BARNALA,605,BARNALA,3,PUNJAB,,
PUNJAB,BATHINDA,28,BATHINDA,3,PUNJAB,,
PUNJAB,DFSC AMRITSAR,27,AMRITSAR,3,PUNJAB,,
PUNJAB,DFSC BARNALA,605,BARNALA,3,PUNJAB,,
PUNJAB,DFSC Bathinda,28,BATHINDA,3,PUNJAB,,
PUNJAB,DFSC FARIDKOT,29,FARIDKOT,3,PUNJAB,,
PUNJAB,DFSC Fatehgarh Sahib,30,FATEHGARH SAHIB,3,PUNJAB,,
PUNJAB,DFSC Fazilka,651,FAZILKA,3,PUNJAB,,
PUNJAB,DFSC Ferozepur,31,FEROZEPUR,3,PUNJAB,,
PUNJAB,DFSC Gurdaspur,32,GURDASPUR,3,PUNJAB,,
PUNJAB,DFSC Hoshiarpur,33,HOSHIARPUR,3,PUNJAB,,
PUNJAB,DFSC Jalandhar,34,JALANDHAR,3,PUNJAB,,
PUNJAB,DFSC Kapurthala,35,KAPURTHALA,3,PUNJAB,,
PUNJAB,DFSC Ludhiana,36,LUDHIANA,3,PUNJAB,,
PUNJAB,DFSC Mansa,37,MANSA,3,PUNJAB,,
PUNJAB,DFSC MOGA,38,MOGA,3,PUNJAB,,
PUNJAB,DFSC Pathankot,662,PATHANKOT,3,PUNJAB,,
PUNJAB,DFSC PATIALA,41,PATIALA,3,PUNJAB,,
PUNJAB,DFSC ROOPNAGAR,42,RUPNAGAR,3,PUNJAB,,
PUNJAB,DFSC SANGRUR,43,SANGRUR,3,PUNJAB,,
PUNJAB,DFSC SBS Nagar,40,Shahid Bhagat Singh Nagar,3,PUNJAB,,
PUNJAB,DFSC Sri Muktsar Sahib,39,SRI MUKTSAR SAHIB,3,PUNJAB,,
PUNJAB,DFSC Tarntaran,609,Tarn Taran,3,PUNJAB,,
PUNJAB,"DFSC, SAS Nagar",608,S.A.S Nagar,3,PUNJAB,,
PUNJAB,FARIDKOT,29,FARIDKOT,3,PUNJAB,,
PUNJAB,FATEHGARH SAHIB,30,FATEHGARH SAHIB,3,PUNJAB,,
PUNJAB,FAZILKA,651,FAZILKA,3,PUNJAB,,
PUNJAB,FEROZEPUR,31,FEROZEPUR,3,PUNJAB,,
PUNJAB,FIROZEPUR,31,FEROZEPUR,3,PUNJAB,,
PUNJAB,GURDASPUR,32,GURDASPUR,3,PUNJAB,,
PUNJAB,HOSHIARPUR,33,HOSHIARPUR,3,PUNJAB,,
PUNJAB,JALANDHAR,34,JALANDHAR,3,PUNJAB,,
PUNJAB,KAPURTHALA,35,KAPURTHALA,3,PUNJAB,,
PUNJAB,LUDHIANA,36,LUDHIANA,3,PUNJAB,,
PUNJAB,MANSA,37,MANSA,3,PUNJAB,,
PUNJAB,MOGA,38,MOGA,3,PUNJAB,,
PUNJAB,PATHANKOT,662,PATHANKOT,3,PUNJAB,,
PUNJAB,PATIALA,41,PATIALA,3,PUNJAB,,
PUNJAB,RUPNAGAR,42,RUPNAGAR,3,PUNJAB,,
PUNJAB,S.A.S NAGAR,608,S.A.S Nagar,3,PUNJAB,,
PUNJAB,SAHIBZADA AJIT SINGH NAGAR,608,S.A.S Nagar,3,PUNJAB,,
PUNJAB,SANGRUR,43,SANGRUR,3,PUNJAB,,
PUNJAB,SHAHID BHAGAT SINGH NAGAR,40,Shahid Bhagat Singh Nagar,3,PUNJAB,,
PUNJAB,SRI MUKTSAR SAHIB,39,SRI MUKTSAR SAHIB,3,PUNJAB,,
PUNJAB,TARN TARAN,609,Tarn Taran,3,PUNJAB,,
RAJASTHAN,AJMER,86,AJMER,8,RAJASTHAN,,
RAJASTHAN,AJMER RURAL,86,AJMER,8,RAJASTHAN,,
RAJASTHAN,Ajmer Urban,86,AJMER,8,RAJASTHAN,,
RAJASTHAN,ALWAR,87,ALWAR,8,RAJASTHAN,,
RAJASTHAN,BANSWARA,88,BANSWARA,8,RAJASTHAN,,
RAJASTHAN,BARAN,89,BARAN,8,RAJASTHAN,,
RAJASTHAN,BARMER,90,BARMER,8,RAJASTHAN,,
RAJASTHAN,BHARATPUR,91,BHARATPUR,8,RAJASTHAN,,
RAJASTHAN,BHARATPUR RURAL,91,BHARATPUR,8,RAJASTHAN,,
RAJASTHAN,Bharatpur Urban,91,BHARATPUR,8,RAJASTHAN,,
RAJASTHAN,BHILWARA,92,BHILWARA,8,RAJASTHAN,,
RAJASTHAN,BIKANER,93,BIKANER,8,RAJASTHAN,,
RAJASTHAN,BIKANER RURAL,93,BIKANER,8,RAJASTHAN,,
RAJASTHAN,Bikaner Urban,93,BIKANER,8,RAJASTHAN,,
RAJASTHAN,BUNDI,94,BUNDI,8,RAJASTHAN,,
RAJASTHAN,CHITTAURGARH,95,CHITTORGARH,8,RAJASTHAN,,
RAJASTHAN,CHITTORGARH,95,CHITTORGARH,8,RAJASTHAN,,
RAJASTHAN,CHURU,96,CHURU,8,RAJASTHAN,,
RAJASTHAN,DAUSA,97,DAUSA,8,RAJASTHAN,,
RAJASTHAN,DHAULPUR,98,DHOLPUR,8,RAJASTHAN,,
RAJASTHAN,DHOLPUR,98,DHOLPUR,8,RAJASTHAN,,
RAJASTHAN,DUNGARPUR,99,DUNGARPUR,8,RAJASTHAN,,
RAJASTHAN,GANGANAGAR,100,GANGANAGAR,8,RAJASTHAN,,
RAJASTHAN,HANUMANGARH,101,HANUMANGARH,8,RAJASTHAN,,
RAJASTHAN,JAIPUR,102,JAIPUR,8,RAJASTHAN,,
RAJASTHAN,JAIPUR RURAL,102,JAIPUR,8,RAJASTHAN,,
RAJASTHAN,Jaipur Urban,102,JAIPUR,8,RAJASTHAN,,
RAJASTHAN,JAISALMER,103,JAISALMER,8,RAJASTHAN,,
RAJASTHAN,JALOR,104,JALORE,8,RAJASTHAN,,
RAJASTHAN,JALORE,104,JALORE,8,RAJASTHAN,,
RAJASTHAN,JHALAWAR,105,JHALAWAR,8,RAJASTHAN,,
RAJASTHAN,JHUNJHUNU,106,JHUNJHUNU,8,RAJASTHAN,,
RAJASTHAN,JHUNJHUNUN,106,JHUNJHUNU,8,RAJASTHAN,,
RAJASTHAN,JODHPUR,107,JODHPUR,8,RAJASTHAN,,
RAJASTHAN,JODHPUR RURAL,107,JODHPUR,8,RAJASTHAN,,
RAJASTHAN,Jodhpur Urban,107,JODHPUR,8,RAJASTHAN,,
RAJASTHAN,KARAULI,108,KARAULI,8,RAJASTHAN,,
RAJASTHAN,KOTA,109,KOTA,8,RAJASTHAN,,
RAJASTHAN,KOTA RURAL,109,KOTA,8,RAJASTHAN,,
RAJASTHAN,Kota Urban,109,KOTA,8,RAJASTHAN,,
RAJASTHAN,NAGAUR,110,NAGAUR,8,RAJASTHAN,,
RAJASTHAN,PALI,111,PALI,8,RAJASTHAN,,
RAJASTHAN,PRATAPGARH,629,PRATAPGARH,8,RAJASTHAN,,
RAJASTHAN,PRATAPGARH,174,PRATAPGARH,9,UTTAR PRADESH,,
RAJASTHAN,RAJSAMAND,112,RAJSAMAND,8,RAJASTHAN,,
RAJASTHAN,SAWAI MADHOPUR,113,SAWAI MADHOPUR,8,RAJASTHAN,,
RAJASTHAN,SIKAR,114,SIKAR,8,RAJASTHAN,,
RAJASTHAN,SIROHI,115,SIROHI,8,RAJASTHAN,,
RAJASTHAN,TONK,116,TONK,8,RAJASTHAN,,
RAJASTHAN,UDAIPUR,117,UDAIPUR,8,RAJASTHAN,,
RAJASTHAN,UDAIPUR RURAL,117,UDAIPUR,8,RAJASTHAN,,
RAJASTHAN,Udaipur Urban,117,UDAIPUR,8,RAJASTHAN,,
SIKKIM,DCSO EAST,225,EAST DISTRICT,11,SIKKIM,,
SIKKIM,DCSO NORTH,226,NORTH DISTRICT,11,SIKKIM,,
SIKKIM,DCSO SOUTH,227,SOUTH DISTRICT,11,SIKKIM,,
SIKKIM,DCSO WEST,228,WEST DISTRICT,11,SIKKIM,,
SIKKIM,EAST DISTRICT,225,EAST DISTRICT,11,SIKKIM,,
SIKKIM,EAST SIKKIM,225,EAST DISTRICT,11,SIKKIM,,
SIKKIM,NORTH DISTRICT,226,NORTH DISTRICT,11,SIKKIM,,
SIKKIM,NORTH SIKKIM,226,NORTH DISTRICT,11,SIKKIM,,
SIKKIM,SOUTH DISTRICT,227,SOUTH DISTRICT,11,SIKKIM,,
SIKKIM,SOUTH SIKKIM,227,SOUTH DISTRICT,11,SIKKIM,,
SIKKIM,WEST DISTRICT,228,WEST DISTRICT,11,SIKKIM,,
SIKKIM,WEST SIKKIM,228,WEST DISTRICT,11,SIKKIM,,
TAMIL NADU,ARIYALUR,610,Ariyalur,33,TAMIL NADU,,
TAMIL NADU,CHENGALPATTU,730,CHENGALPATTU,33,TAMIL NADU,,
TAMIL NADU,Chengalpet,730,CHENGALPATTU,33,TAMIL NADU,,
TAMIL NADU,CHENNAI,568,CHENNAI,33,TAMIL NADU,,
TAMIL NADU,COIMBATORE,569,COIMBATORE,33,TAMIL NADU,,
TAMIL NADU,CUDDALORE,570,CUDDALORE,33,TAMIL NADU,,
TAMIL NADU,DHARMAPURI,571,DHARMAPURI,33,TAMIL NADU,,
TAMIL NADU,DINDIGUL,572,DINDIGUL,33,TAMIL NADU,,
TAMIL NADU,ERODE,573,ERODE,33,TAMIL NADU,,
TAMIL NADU,Kallakurichi,729,KALLAKURICHI,33,TAMIL NADU,,
TAMIL NADU,KANCHIPURAM,574,KANCHIPURAM,33,TAMIL NADU,,
TAMIL NADU,KANNIYAKUMARI,575,KANNIYAKUMARI,33,TAMIL NADU,,
TAMIL NADU,KANYAKUMARI,575,KANNIYAKUMARI,33,TAMIL NADU,,
TAMIL NADU,KARUR,576,KARUR,33,TAMIL NADU,,
TAMIL NADU,KRISHNAGIRI,577,KRISHNAGIRI,33,TAMIL NADU,,
TAMIL NADU,MADURAI,578,MADURAI,33,TAMIL NADU,,
TAMIL NADU,NAGAPATTINAM,579,NAGAPATTINAM,33,TAMIL NADU,,
TAMIL NADU,NAMAKKAL,580,NAMAKKAL,33,TAMIL NADU,,
TAMIL NADU,NILGIRIS,587,THE NILGIRIS,33,TAMIL NADU,,
TAMIL NADU,PERAMBALUR,581,PERAMBALUR,33,TAMIL NADU,,
TAMIL NADU,PUDUKKOTTAI,582,PUDUKKOTTAI,33,TAMIL NADU,,
TAMIL NADU,RAMANATHAPURAM,583,RAMANATHAPURAM,33,TAMIL NADU,,
TAMIL NADU,Ranipet,731,Ranipet,33,TAMIL NADU,,
TAMIL NADU,SALEM,584,SALEM,33,TAMIL NADU,,
TAMIL NADU,SIVAGANGA,585,SIVAGANGA,33,TAMIL NADU,,
TAMIL NADU,SIVAGANGAI,585,SIVAGANGA,33,TAMIL NADU,,
TAMIL NADU,Tenkasi,733,TENKASI,33,TAMIL NADU,,
TAMIL NADU,THANJAVUR,586,THANJAVUR,33,TAMIL NADU,,
TAMIL NADU,THE NILGIRIS,587,THE NILGIRIS,33,TAMIL NADU,,
TAMIL NADU,THENI,588,THENI,33,TAMIL NADU,,
TAMIL NADU,THIRUCHIRAPALLI,591,TIRUCHIRAPPALLI,33,TAMIL NADU,,
TAMIL NADU,THIRUVALLUR,589,THIRUVALLUR,33,TAMIL NADU,,
TAMIL NADU,THIRUVANNAMALAI,593,TIRUVANNAMALAI,33,TAMIL NADU,,
TAMIL NADU,THIRUVARUR,590,THIRUVARUR,33,TAMIL NADU,,
TAMIL NADU,TIRUCHIRAPPALLI,591,TIRUCHIRAPPALLI,33,TAMIL NADU,,
TAMIL NADU,TIRUNELVELI,592,TIRUNELVELI,33,TAMIL NADU,,
TAMIL NADU,Tirupathur,732,Tirupathur,33,TAMIL NADU,,
TAMIL NADU,TIRUPPUR,634,TIRUPPUR,33,TAMIL NADU,,
TAMIL NADU,TIRUVANNAMALAI,593,TIRUVANNAMALAI,33,TAMIL NADU,,
TAMIL NADU,TUTICORIN,594,TUTICORIN,33,TAMIL NADU,,
TAMIL NADU,VELLORE,595,VELLORE,33,TAMIL NADU,,
TAMIL NADU,VILLUPURAM,596,VILLUPURAM,33,TAMIL NADU,,
TAMIL NADU,VILUPPURAM,596,VILLUPURAM,33,TAMIL NADU,,
TAMIL NADU,VIRUDHUNAGAR,597,VIRUDHUNAGAR,33,TAMIL NADU,,
TELANGANA,A,,,,,,
TELANGANA,ADILABAD,501,ADILABAD,36,TELANGANA,,
TELANGANA,BHADRADRI KOTHAGUDEM,690,BHADRADRI KOTHAGUDEM,36,TELANGANA,,
TELANGANA,BHADRDRI KOTHAGUDEM,690,BHADRADRI KOTHAGUDEM,36,TELANGANA,,
TELANGANA,DFSO Adilabad,501,ADILABAD,36,TELANGANA,,
TELANGANA,DFSO Bhadrdri Kothagudem,690,BHADRADRI KOTHAGUDEM,36,TELANGANA,,
TELANGANA,DFSO Jayashankar Bhupalpalli,687,JAYASHANKAR BHUPALAPALLY,36,TELANGANA,,
TELANGANA,DFSO Jogulamba Gadwal,695,JOGULAMBA GADWAL,36,TELANGANA,,
TELANGANA,DFSO Karimnagar,508,KARIMNAGAR,36,TELANGANA,,
TELANGANA,DFSO Khammam,509,KHAMMAM,36,TELANGANA,,
TELANGANA,DFSO Kumarambheem Asifabad,699,KUMURAM BHEEM ASIFABAD,36,TELANGANA,,
TELANGANA,DFSO Mahabubabad,688,MAHABUBABAD,36,TELANGANA,,
TELANGANA,DFSO Manchiryala,684,MANCHERIAL,36,TELANGANA,,
TELANGANA,DFSO Nagarkarnool,694,NAGARKURNOOL,36,TELANGANA,,
TELANGANA,DFSO Nalgonda,514,NALGONDA,36,TELANGANA,,
TELANGANA,DFSO Nirmal,680,Nirmal,36,TELANGANA,,
TELANGANA,DFSO Ranga Reddy,518,RANGA REDDY,36,TELANGANA,,
TELANGANA,Hanumakonda,686,WARANGAL URBAN,36,TELANGANA,,
TELANGANA,HYDERABAD,507,HYDERABAD,36,TELANGANA,,
TELANGANA,JAGITIAL,681,Jagitial,36,TELANGANA,,
TELANGANA,JAGITYAL,681,Jagitial,36,TELANGANA,,
TELANGANA,JANAGAON,689,JANGOAN,36,TELANGANA,,
TELANGANA,JANAGOAN,689,JANGOAN,36,TELANGANA,,
TELANGANA,JANGOAN,689,JANGOAN,36,TELANGANA,,
TELANGANA,JAYASHANKAR BHUPALAPALLY,687,JAYASHANKAR BHUPALAPALLY,36,TELANGANA,,
TELANGANA,JAYASHANKAR BHUPALPALLI,687,JAYASHANKAR BHUPALAPALLY,36,TELANGANA,,
TELANGANA,JOGULAMBA GADWAL,695,JOGULAMBA GADWAL,36,TELANGANA,,
TELANGANA,KAMAREDDY,685,KAMAREDDY,36,TELANGANA,,
TELANGANA,KARIMNAGAR,508,KARIMNAGAR,36,TELANGANA,,
TELANGANA,KHAMMAM,509,KHAMMAM,36,TELANGANA,,
TELANGANA,KUMARAMBHEEM ASIFABAD,699,KUMURAM BHEEM ASIFABAD,36,TELANGANA,,
TELANGANA,KUMURAM BHEEM ASIFABAD,699,KUMURAM BHEEM ASIFABAD,36,TELANGANA,,
TELANGANA,MAHABUBABAD,688,MAHABUBABAD,36,TELANGANA,,
TELANGANA,MAHABUBNAGAR,512,MAHABUBNAGAR,36,TELANGANA,,
TELANGANA,MAHBUBNAGAR,512,MAHABUBNAGAR,36,TELANGANA,,
TELANGANA,MANCHERIAL,684,MANCHERIAL,36,TELANGANA,,
TELANGANA,MANCHIRYALA,684,MANCHERIAL,36,TELANGANA,,
TELANGANA,MEDAK,513,MEDAK,36,TELANGANA,,
TELANGANA,MEDCHAL,700,MEDCHAL MALKAJGIRI,36,TELANGANA,,
TELANGANA,MEDCHAL MALKAJGIRI,700,MEDCHAL MALKAJGIRI,36,TELANGANA,,
TELANGANA,Mulugu,720,Mulugu,36,TELANGANA,,
TELANGANA,NAGARKARNOOL,694,NAGARKURNOOL,36,TELANGANA,,
TELANGANA,NAGARKURNOOL,694,NAGARKURNOOL,36,TELANGANA,,
TELANGANA,NALGONDA,514,NALGONDA,36,TELANGANA,,
TELANGANA,NARAYANPET,721,Narayanpet,36,TELANGANA,,
TELANGANA,NIRMAL,680,Nirmal,36,TELANGANA,,
TELANGANA,NIZAMABAD,516,NIZAMABAD,36,TELANGANA,,
TELANGANA,PEDDAPALLI,682,PEDDAPALLI,36,TELANGANA,,
TELANGANA,RAJANNA SIRCILLA,683,RAJANNA SIRCILLA,36,TELANGANA,,
TELANGANA,RAJANNA SIRICILLA,683,RAJANNA SIRCILLA,36,TELANGANA,,
TELANGANA,RANGA REDDY,518,RANGA REDDY,36,TELANGANA,,
TELANGANA,RANGAREDDY,518,RANGA REDDY,36,TELANGANA,,
TELANGANA,SANGAREDDY,691,SANGAREDDY,36,TELANGANA,,
TELANGANA,SIDDIPET,692,SIDDIPET,36,TELANGANA,,
TELANGANA,SURYAPET,696,SURYAPET,36,TELANGANA,,
TELANGANA,VIKARABAD,698,VIKARABAD,36,TELANGANA,,
TELANGANA,WANAPARTHY,693,WANAPARTHY,36,TELANGANA,,
TELANGANA,WARANGAL,686,WARANGAL URBAN,36,TELANGANA,,
TELANGANA,WARANGAL RURAL,522,WARANGAL RURAL,36,TELANGANA,,
TELANGANA,WARANGAL URBAN,686,WARANGAL URBAN,36,TELANGANA,,
TELANGANA,YADADRI BHUVANAGIRI,697,YADADRI BHUVANAGIRI,36,TELANGANA,,
TRIPURA,DHALAI,269,Dhalai,16,TRIPURA,,
TRIPURA,GOMATI,654,Gomati,16,TRIPURA,,
TRIPURA,KHOWAI,652,Khowai,16,TRIPURA,,
TRIPURA,NORTH TRIPURA,270,North Tripura,16,TRIPURA,,
TRIPURA,SDM AMARPUR,654,Gomati,16,TRIPURA,,
TRIPURA,SDM AMBASSA,269,Dhalai,16,TRIPURA,,
TRIPURA,SDM BELONIA,271,South Tripura,16,TRIPURA,,
TRIPURA,SDM BISHALGARH,653,Sepahijala,16,TRIPURA,,
TRIPURA,SDM DHARMANAGAR,270,North Tripura,16,TRIPURA,,
TRIPURA,SDM GANDACHERRA,269,Dhalai,16,TRIPURA,,
TRIPURA,SDM JAMPUIJALA,272,West Tripura,16,TRIPURA,,
TRIPURA,SDM JIRANIA,272,West Tripura,16,TRIPURA,,
TRIPURA,SDM KAILASHAHAR,655,Unakoti,16,TRIPURA,,
TRIPURA,SDM KAMALPUR,269,Dhalai,16,TRIPURA,,
TRIPURA,SDM KANCHANPUR,270,North Tripura,16,TRIPURA,,
TRIPURA,SDM KARBOOK,271,South Tripura,16,TRIPURA,,
TRIPURA,SDM KHOWAI,652,Khowai,16,TRIPURA,,
TRIPURA,SDM KUMARGHAT,655,Unakoti,16,TRIPURA,,
TRIPURA,SDM LONGTARAI VALLEY,269,Dhalai,16,TRIPURA,,
TRIPURA,SDM MOHANPUR,272,West Tripura,16,TRIPURA,,
TRIPURA,SDM PANISAGAR,270,North Tripura,16,TRIPURA,,
TRIPURA,SDM SABROOM,271,South Tripura,16,TRIPURA,,
TRIPURA,SDM SADAR,272,West Tripura,16,TRIPURA,,
TRIPURA,SDM SANTIRBAZAR,271,South Tripura,16,TRIPURA,,
TRIPURA,SDM SONAMURA,653,Sepahijala,16,TRIPURA,,
TRIPURA,SDM TELIAMURA,652,Khowai,16,TRIPURA,,
TRIPURA,SEPAHIJALA,653,Sepahijala,16,TRIPURA,,
TRIPURA,SOUTH TRIPURA,271,South Tripura,16,TRIPURA,,
TRIPURA,UNAKOTI,655,Unakoti,16,TRIPURA,,
TRIPURA,WEST TRIPURA,272,West Tripura,16,TRIPURA,,
UTTAR PRADESH,AGRA,118,AGRA,9,UTTAR PRADESH,,
UTTAR PRADESH,ALIGARH,119,ALIGARH,9,UTTAR PRADESH,,
UTTAR PRADESH,ALLAHABAD,120,PRAYAGRAJ,9,UTTAR PRADESH,,
UTTAR PRADESH,AMBEDKAR NAGAR,121,AMBEDKAR NAGAR,9,UTTAR PRADESH,,
UTTAR PRADESH,AMETHI,640,Amethi,9,UTTAR PRADESH,,
UTTAR PRADESH,AMROHA,154,AMROHA,9,UTTAR PRADESH,,
UTTAR PRADESH,AURAIYA,122,AURAIYA,9,UTTAR PRADESH,,
UTTAR PRADESH,AYODHYA,140,AYODHYA,9,UTTAR PRADESH,,
UTTAR PRADESH,AZAMGARH,123,AZAMGARH,9,UTTAR PRADESH,,
UTTAR PRADESH,BAGHPAT,124,BAGHPAT,9,UTTAR PRADESH,,
UTTAR PRADESH,BAHRAICH,125,BAHRAICH,9,UTTAR PRADESH,,
UTTAR PRADESH,BALLIA,126,BALLIA,9,UTTAR PRADESH,,
UTTAR PRADESH,BALRAMPUR,127,BALRAMPUR,9,UTTAR PRADESH,,
UTTAR PRADESH,BANDA,128,BANDA,9,UTTAR PRADESH,,
UTTAR PRADESH,BARA BANKI,129,BARABANKI,9,UTTAR PRADESH,,
UTTAR PRADESH,BARABANKI,129,BARABANKI,9,UTTAR PRADESH,,
UTTAR PRADESH,BAREILLY,130,BAREILLY,9,UTTAR PRADESH,,
UTTAR PRADESH,BASTI,131,BASTI,9,UTTAR PRADESH,,
UTTAR PRADESH,BHADOHI,179,BHADOHI,9,UTTAR PRADESH,,
UTTAR PRADESH,BIJNOR,132,BIJNOR,9,UTTAR PRADESH,,
UTTAR PRADESH,BUDAUN,133,BUDAUN,9,UTTAR PRADESH,,
UTTAR PRADESH,BULANDSHAHAR,134,BULANDSHAHR,9,UTTAR PRADESH,,
UTTAR PRADESH,BULANDSHAHR,134,BULANDSHAHR,9,UTTAR PRADESH,,
UTTAR PRADESH,CHANDAULI,135,CHANDAULI,9,UTTAR PRADESH,,
UTTAR PRADESH,CHITRAKOOT,136,CHITRAKOOT,9,UTTAR PRADESH,,
UTTAR PRADESH,DEORIA,137,DEORIA,9,UTTAR PRADESH,,
UTTAR PRADESH,DSO Agra,118,AGRA,9,UTTAR PRADESH,,
UTTAR PRADESH,DSO Aligarh,119,ALIGARH,9,UTTAR PRADESH,,
UTTAR PRADESH,DSO Allahabad,120,PRAYAGRAJ,9,UTTAR PRADESH,,
UTTAR PRADESH,DSO Ambedkar Nagar,121,AMBEDKAR NAGAR,9,UTTAR PRADESH,,
UTTAR PRADESH,DSO Auraiya,122,AURAIYA,9,UTTAR PRADESH,,
UTTAR PRADESH,DSO Azamgarh,123,AZAMGARH,9,UTTAR PRADESH,,
UTTAR PRADESH,DSO Baghpat,124,BAGHPAT,9,UTTAR PRADESH,,
UTTAR PRADESH,DSO Bahraich,125,BAHRAICH,9,UTTAR PRADESH,,
UTTAR PRADESH,DSO Ballia,126,BALLIA,9,UTTAR PRADESH,,
UTTAR PRADESH,DSO Balrampur,127,BALRAMPUR,9,UTTAR PRADESH,,
UTTAR PRADESH,DSO Banda,128,BANDA,9,UTTAR PRADESH,,
UTTAR PRADESH,DSO Bara Banki,129,BARABANKI,9,UTTAR PRADESH,,
UTTAR PRADESH,DSO Bareilly,130,BAREILLY,9,UTTAR PRADESH,,
UTTAR PRADESH,DSO Basti,131,BASTI,9,UTTAR PRADESH,,
UTTAR PRADESH,DSO Bijnor,132,BIJNOR,9,UTTAR PRADESH,,
UTTAR PRADESH,DSO Budaun,133,BUDAUN,9,UTTAR PRADESH,,
UTTAR PRADESH,DSO Bulandshahr,134,BULANDSHAHR,9,UTTAR PRADESH,,
UTTAR PRADESH,DSO Chandauli,135,CHANDAULI,9,UTTAR PRADESH,,
UTTAR PRADESH,DSO Chitrakoot,136,CHITRAKOOT,9,UTTAR PRADESH,,
UTTAR PRADESH,DSO Deoria,137,DEORIA,9,UTTAR PRADESH,,
UTTAR PRADESH,DSO Etah,138,ETAH,9,UTTAR PRADESH,,
UTTAR PRADESH,DSO Etawah,139,ETAWAH,9,UTTAR PRADESH,,
UTTAR PRADESH,DSO Faizabad,140,AYODHYA,9,UTTAR PRADESH,,
UTTAR PRADESH,DSO Farrukhabad,141,FARRUKHABAD,9,UTTAR PRADESH,,
UTTAR PRADESH,DSO Fatehpur,142,FATEHPUR,9,UTTAR PRADESH,,
UTTAR PRADESH,DSO Firozabad,143,FIROZABAD,9,UTTAR PRADESH,,
UTTAR PRADESH,DSO Gautam Buddha Nagar,144,GAUTAM BUDDHA NAGAR,9,UTTAR PRADESH,,
UTTAR PRADESH,DSO Ghaziabad,145,GHAZIABAD,9,UTTAR PRADESH,,
UTTAR PRADESH,DSO Ghazipur,146,GHAZIPUR,9,UTTAR PRADESH,,
UTTAR PRADESH,DSO Gonda,147,GONDA,9,UTTAR PRADESH,,
UTTAR PRADESH,DSO Gorakhpur,148,GORAKHPUR,9,UTTAR PRADESH,,
UTTAR PRADESH,DSO Hamirpur,149,HAMIRPUR,9,UTTAR PRADESH,,
UTTAR PRADESH,DSO Hapur,661,HAPUR,9,UTTAR PRADESH,,
UTTAR PRADESH,DSO Hardoi,150,HARDOI,9,UTTAR PRADESH,,
UTTAR PRADESH,DSO Jalaun,151,JALAUN,9,UTTAR PRADESH,,
UTTAR PRADESH,DSO Jaunpur,152,JAUNPUR,9,UTTAR PRADESH,,
UTTAR PRADESH,DSO Jhansi,153,JHANSI,9,UTTAR PRADESH,,
UTTAR PRADESH,DSO Jyotiba Phule Nagar,154,AMROHA,9,UTTAR PRADESH,,
UTTAR PRADESH,DSO Kannauj,155,KANNAUJ,9,UTTAR PRADESH,,
UTTAR PRADESH,DSO Kanpur Dehat,156,KANPUR DEHAT,9,UTTAR PRADESH,,
UTTAR PRADESH,DSO Kanpur Nagar,157,KANPUR NAGAR,9,UTTAR PRADESH,,
UTTAR PRADESH,DSO Kanshiram Nagar,633,Kasganj,9,UTTAR PRADESH,,
UTTAR PRADESH,DSO Kaushambi,158,KAUSHAMBI,9,UTTAR PRADESH,,
UTTAR PRADESH,DSO Kheri,159,KHERI,9,UTTAR PRADESH,,
UTTAR PRADESH,DSO Kushinagar,160,KUSHI NAGAR,9,UTTAR PRADESH,,
UTTAR PRADESH,DSO Lalitpur,161,LALITPUR,9,UTTAR PRADESH,,
UTTAR PRADESH,DSO Lucknow,162,LUCKNOW,9,UTTAR PRADESH,,
UTTAR PRADESH,DSO Mahamaya Nagar,163,HATHRAS,9,UTTAR PRADESH,,
UTTAR PRADESH,DSO Mahoba,165,MAHOBA,9,UTTAR PRADESH,,
UTTAR PRADESH,DSO Mahrajganj,164,MAHARAJGANJ,9,UTTAR PRADESH,,
UTTAR PRADESH,DSO Mainpuri,166,MAINPURI,9,UTTAR PRADESH,,
UTTAR PRADESH,DSO Mathura,167,MATHURA,9,UTTAR PRADESH,,
UTTAR PRADESH,DSO Mau,168,MAU,9,UTTAR PRADESH,,
UTTAR PRADESH,DSO Meerut,169,MEERUT,9,UTTAR PRADESH,,
UTTAR PRADESH,DSO Mirzapur,170,MIRZAPUR,9,UTTAR PRADESH,,
UTTAR PRADESH,DSO Moradabad,171,MORADABAD,9,UTTAR PRADESH,,
UTTAR PRADESH,DSO Muzaffarnagar,172,MUZAFFARNAGAR,9,UTTAR PRADESH,,
UTTAR PRADESH,DSO Pilibhit,173,PILIBHIT,9,UTTAR PRADESH,,
UTTAR PRADESH,DSO Pratapgarh,174,PRATAPGARH,9,UTTAR PRADESH,,
UTTAR PRADESH,DSO Rae Bareli,175,RAE BARELI,9,UTTAR PRADESH,,
UTTAR PRADESH,DSO Rampur,176,RAMPUR,9,UTTAR PRADESH,,
UTTAR PRADESH,DSO Saharanpur,177,SAHARANPUR,9,UTTAR PRADESH,,
UTTAR PRADESH,DSO Sant Kabir Nagar,178,SANT KABEER NAGAR,9,UTTAR PRADESH,,
UTTAR PRADESH,DSO Sant Ravidas Nagar (Bhadohi),179,BHADOHI,9,UTTAR PRADESH,,
UTTAR PRADESH,DSO Shahjahanpur,180,SHAHJAHANPUR,9,UTTAR PRADESH,,
UTTAR PRADESH,DSO Shambhal,659,SAMBHAL,9,UTTAR PRADESH,,
UTTAR PRADESH,DSO Shamli,660,SHAMLI,9,UTTAR PRADESH,,
UTTAR PRADESH,DSO Shrawasti,181,SHRAVASTI,9,UTTAR PRADESH,,
UTTAR PRADESH,DSO Siddharthnagar,182,SIDDHARTH NAGAR,9,UTTAR PRADESH,,
UTTAR PRADESH,DSO Sitapur,183,SITAPUR,9,UTTAR PRADESH,,
UTTAR PRADESH,DSO Sonbhadra,184,SONBHADRA,9,UTTAR PRADESH,,
UTTAR PRADESH,DSO Sultanpur,185,SULTANPUR,9,UTTAR PRADESH,,
UTTAR PRADESH,DSO Unnao,186,UNNAO,9,UTTAR PRADESH,,
UTTAR PRADESH,DSO Varanasi,187,VARANASI,9,UTTAR PRADESH,,
UTTAR PRADESH,DSO_Amethi,640,Amethi,9,UTTAR PRADESH,,
UTTAR PRADESH,ETAH,138,ETAH,9,UTTAR PRADESH,,
UTTAR PRADESH,ETAWAH,139,ETAWAH,9,UTTAR PRADESH,,
UTTAR PRADESH,FAIZABAD,140,AYODHYA,9,UTTAR PRADESH,,
UTTAR PRADESH,FARRUKHABAD,141,FARRUKHABAD,9,UTTAR PRADESH,,
UTTAR PRADESH,FATEHPUR,142,FATEHPUR,9,UTTAR PRADESH,,
UTTAR PRADESH,FIROZABAD,143,FIROZABAD,9,UTTAR PRADESH,,
UTTAR PRADESH,GAUTAM BUDDHA NAGAR,144,GAUTAM BUDDHA NAGAR,9,UTTAR PRADESH,,
UTTAR PRADESH,GHAZIABAD,145,GHAZIABAD,9,UTTAR PRADESH,,
UTTAR PRADESH,GHAZIPUR,146,GHAZIPUR,9,UTTAR PRADESH,,
UTTAR PRADESH,GONDA,147,GONDA,9,UTTAR PRADESH,,
UTTAR PRADESH,GORAKHPUR,148,GORAKHPUR,9,UTTAR PRADESH,,
UTTAR PRADESH,HAMIRPUR,149,HAMIRPUR,9,UTTAR PRADESH,,
UTTAR PRADESH,HAPUR,661,HAPUR,9,UTTAR PRADESH,,
UTTAR PRADESH,HARDOI,150,HARDOI,9,UTTAR PRADESH,,
UTTAR PRADESH,HATHRAS,163,HATHRAS,9,UTTAR PRADESH,,
UTTAR PRADESH,JALAUN,151,JALAUN,9,UTTAR PRADESH,,
UTTAR PRADESH,JAUNPUR,152,JAUNPUR,9,UTTAR PRADESH,,
UTTAR PRADESH,JHANSI,153,JHANSI,9,UTTAR PRADESH,,
UTTAR PRADESH,KANNAUJ,155,KANNAUJ,9,UTTAR PRADESH,,
UTTAR PRADESH,KANPUR DEHAT,156,KANPUR DEHAT,9,UTTAR PRADESH,,
UTTAR PRADESH,KANPUR NAGAR,157,KANPUR NAGAR,9,UTTAR PRADESH,,
UTTAR PRADESH,KASGANJ,633,Kasganj,9,UTTAR PRADESH,,
UTTAR PRADESH,KAUSHAMBI,158,KAUSHAMBI,9,UTTAR PRADESH,,
UTTAR PRADESH,KHERI,159,KHERI,9,UTTAR PRADESH,,
UTTAR PRADESH,KUSHI NAGAR,160,KUSHI NAGAR,9,UTTAR PRADESH,,
UTTAR PRADESH,KUSHINAGAR,160,KUSHI NAGAR,9,UTTAR PRADESH,,
UTTAR PRADESH,LALITPUR,161,LALITPUR,9,UTTAR PRADESH,,
UTTAR PRADESH,LUCKNOW,162,LUCKNOW,9,UTTAR PRADESH,,
UTTAR PRADESH,MAHARAJGANJ,164,MAHARAJGANJ,9,UTTAR PRADESH,,
UTTAR PRADESH,MAHOBA,165,MAHOBA,9,UTTAR PRADESH,,
UTTAR PRADESH,MAHRAJGANJ,164,MAHARAJGANJ,9,UTTAR PRADESH,,
UTTAR PRADESH,MAINPURI,166,MAINPURI,9,UTTAR PRADESH,,
UTTAR PRADESH,MATHURA,167,MATHURA,9,UTTAR PRADESH,,
UTTAR PRADESH,MAU,168,MAU,9,UTTAR PRADESH,,
UTTAR PRADESH,MEERUT,169,MEERUT,9,UTTAR PRADESH,,
UTTAR PRADESH,MIRZAPUR,170,MIRZAPUR,9,UTTAR PRADESH,,
UTTAR PRADESH,MORADABAD,171,MORADABAD,9,UTTAR PRADESH,,
UTTAR PRADESH,MUZAFFARNAGAR,172,MUZAFFARNAGAR,9,UTTAR PRADESH,,
UTTAR PRADESH,PILIBHIT,173,PILIBHIT,9,UTTAR PRADESH,,
UTTAR PRADESH,PRATAPGARH,174,PRATAPGARH,9,UTTAR PRADESH,,
UTTAR PRADESH,PRAYAGRAJ,120,PRAYAGRAJ,9,UTTAR PRADESH,,
UTTAR PRADESH,RAE BARELI,175,RAE BARELI,9,UTTAR PRADESH,,
UTTAR PRADESH,RAMPUR,176,RAMPUR,9,UTTAR PRADESH,,
UTTAR PRADESH,SAHARANPUR,177,SAHARANPUR,9,UTTAR PRADESH,,
UTTAR PRADESH,SAMBHAL,659,SAMBHAL,9,UTTAR PRADESH,,
UTTAR PRADESH,SANT KABEER NAGAR,178,SANT KABEER NAGAR,9,UTTAR PRADESH,,
UTTAR PRADESH,SANT KABIR NAGAR,178,SANT KABEER NAGAR,9,UTTAR PRADESH,,
UTTAR PRADESH,SANT RAVIDAS NAGAR (BHADOHI),179,BHADOHI,9,UTTAR PRADESH,,
UTTAR PRADESH,SHAHJAHANPUR,180,SHAHJAHANPUR,9,UTTAR PRADESH,,
UTTAR PRADESH,SHAMLI,660,SHAMLI,9,UTTAR PRADESH,,
UTTAR PRADESH,SHRAVASTI,181,SHRAVASTI,9,UTTAR PRADESH,,
UTTAR PRADESH,SHRAWASTI,181,SHRAVASTI,9,UTTAR PRADESH,,
UTTAR PRADESH,SIDDHARTH NAGAR,182,SIDDHARTH NAGAR,9,UTTAR PRADESH,,
UTTAR PRADESH,SIDDHARTHNAGAR,182,SIDDHARTH NAGAR,9,UTTAR PRADESH,,
UTTAR PRADESH,SITAPUR,183,SITAPUR,9,UTTAR PRADESH,,
UTTAR PRADESH,SONBHADRA,184,SONBHADRA,9,UTTAR PRADESH,,
UTTAR PRADESH,SULTANPUR,185,SULTANPUR,9,UTTAR PRADESH,,
UTTAR PRADESH,UNNAO,186,UNNAO,9,UTTAR PRADESH,,
UTTAR PRADESH,VARANASI,187,VARANASI,9,UTTAR PRADESH,,
UTTARAKHAND,CHAMOLI,47,CHAMOLI,5,UTTARAKHAND,,
UTTARAKHAND,CHAMPAWAT,48,CHAMPAWAT,5,UTTARAKHAND,,
UTTARAKHAND,DISTRICT SUPPLY OFFICE - UTTARKASHI,57,UTTAR KASHI,5,UTTARAKHAND,,
UTTARAKHAND,DISTRICT SUPPLY OFFICE ALMORA,45,ALMORA,5,UTTARAKHAND,,
UTTARAKHAND,DISTRICT SUPPLY OFFICE HARIDWAR,50,HARIDWAR,5,UTTARAKHAND,,
UTTARAKHAND,DISTRICT SUPPLY OFFICE NANITAL,51,NAINITAL,5,UTTARAKHAND,,
UTTARAKHAND,"DISTRICT SUPPLY OFFICE, BAGESWAR",46,BAGESHWAR,5,UTTARAKHAND,,
UTTARAKHAND,"District Supply Office, Chamoli",47,CHAMOLI,5,UTTARAKHAND,,
UTTARAKHAND,"DISTRICT SUPPLY OFFICE, CHAMPAWAT",48,CHAMPAWAT,5,UTTARAKHAND,,
UTTARAKHAND,"DISTRICT SUPPLY OFFICE, DEHRADUN",49,DEHRADUN,5,UTTARAKHAND,,
UTTARAKHAND,"DISTRICT SUPPLY OFFICE, PAURI GARHWAL",52,PAURI GARHWAL,5,UTTARAKHAND,,
UTTARAKHAND,"DISTRICT SUPPLY OFFICE, PITHORAGARH",53,PITHORAGARH,5,UTTARAKHAND,,
UTTARAKHAND,"DISTRICT SUPPLY OFFICE, RUDRAPRAYAG",54,RUDRA PRAYAG,5,UTTARAKHAND,,
UTTARAKHAND,"District Supply Office, Tehri",55,TEHRI GARHWAL,5,UTTARAKHAND,,
UTTARAKHAND,"DISTRICT SUPPLY OFFICE, US NAGAR",56,UDAM SINGH NAGAR,5,UTTARAKHAND,,
UTTARAKHAND,NAINITAL,51,NAINITAL,5,UTTARAKHAND,,
UTTARAKHAND,PITHORAGARH,53,PITHORAGARH,5,UTTARAKHAND,,
UTTARAKHAND,RUDRA PRAYAG,54,RUDRA PRAYAG,5,UTTARAKHAND,,
UTTARAKHAND,UTTAR KASHI,57,UTTAR KASHI,5,UTTARAKHAND,,
WEST BENGAL,24 PARAGANAS SOUTH,304,24 PARAGANAS SOUTH,19,WEST BENGAL,,
WEST BENGAL,ALIPURDUAR,664,Alipurduar,19,WEST BENGAL,,
WEST BENGAL,BANKURA,305,BANKURA,19,WEST BENGAL,,
WEST BENGAL,BARDHAMAN,306,PURBA BARDHAMAN,19,WEST BENGAL,,
WEST BENGAL,BIRBHUM,307,BIRBHUM,19,WEST BENGAL,,
WEST BENGAL,COOCH BEHAR,308,COOCHBEHAR,19,WEST BENGAL,,
WEST BENGAL,COOCHBEHAR,308,COOCHBEHAR,19,WEST BENGAL,,
WEST BENGAL,DAKSHIN DINAJPUR,310,DINAJPUR DAKSHIN,19,WEST BENGAL,,
WEST BENGAL,DARJEELING,309,DARJEELING,19,WEST BENGAL,,
WEST BENGAL,DCFS-ALIPURDUAR,664,Alipurduar,19,WEST BENGAL,,
WEST BENGAL,DCFS-Bankura,305,BANKURA,19,WEST BENGAL,,
WEST BENGAL,DCFS-BIRBHUM,307,BIRBHUM,19,WEST BENGAL,,
WEST BENGAL,DCFS-Burdwan,306,PURBA BARDHAMAN,19,WEST BENGAL,,
WEST BENGAL,DCFS-COOCH BEHAR,308,COOCHBEHAR,19,WEST BENGAL,,
WEST BENGAL,DCFS-COOCHBIHAR,308,COOCHBEHAR,19,WEST BENGAL,,
WEST BENGAL,DCFS-Dakshin Dinajpur,310,DINAJPUR DAKSHIN,19,WEST BENGAL,,
WEST BENGAL,DCFS-DARJEELING,309,DARJEELING,19,WEST BENGAL,,
WEST BENGAL,DCFS-Darjling,309,DARJEELING,19,WEST BENGAL,,
WEST BENGAL,DCFS-Howrah,313,HOWRAH,19,WEST BENGAL,,
WEST BENGAL,DCFS-Hugli,312,HOOGHLY,19,WEST BENGAL,,
WEST BENGAL,DCFS-JALPAIGURI,314,JALPAIGURI,19,WEST BENGAL,,
WEST BENGAL,DCFS-MALDA,316,MALDAH,19,WEST BENGAL,,
WEST BENGAL,DCFS-MALDAH,316,MALDAH,19,WEST BENGAL,,
WEST BENGAL,DCFS-Murshidabad,319,MURSHIDABAD,19,WEST BENGAL,,
WEST BENGAL,DCFS-Nadia,320,NADIA,19,WEST BENGAL,,
WEST BENGAL,DCFS-North 24 Parganas,303,24 PARAGANAS NORTH,19,WEST BENGAL,,
WEST BENGAL,DCFS-PASCHIM BARDHAMAN,704,PASCHIM BARDHAMAN,19,WEST BENGAL,,
WEST BENGAL,DCFS-PASCHIM MIDNAPORE,318,MEDINIPUR WEST,19,WEST BENGAL,,
WEST BENGAL,DCFS-Pashim Midnapur,318,MEDINIPUR WEST,19,WEST BENGAL,,
WEST BENGAL,DCFS-Purba Midnapur,317,MEDINIPUR EAST,19,WEST BENGAL,,
WEST BENGAL,DCFS-Purulia,321,PURULIA,19,WEST BENGAL,,
WEST BENGAL,DCFS-South 24 Parganas,304,24 PARAGANAS SOUTH,19,WEST BENGAL,,
WEST BENGAL,DCFS-SOUTH TWENTY FOUR PARGANAS,304,24 PARAGANAS SOUTH,19,WEST BENGAL,,
WEST BENGAL,DCFS-Uttar Dinajpur,311,DINAJPUR UTTAR,19,WEST BENGAL,,
WEST BENGAL,DDR-ASANSOL,704,PASCHIM BARDHAMAN,19,WEST BENGAL,,
WEST BENGAL,DDR-BARRACKPORE,303,24 PARAGANAS NORTH,19,WEST BENGAL,,
WEST BENGAL,DDR-HOWARH,313,HOWRAH,19,WEST BENGAL,,
WEST BENGAL,DDR-KOLKATA NORTH,315,KOLKATA,19,WEST BENGAL,,
WEST BENGAL,DDR-KOLKATA SOUTH,315,KOLKATA,19,WEST BENGAL,,
WEST BENGAL,DINAJPUR DAKSHIN,310,DINAJPUR DAKSHIN,19,WEST BENGAL,,
WEST BENGAL,DINAJPUR UTTAR,311,DINAJPUR UTTAR,19,WEST BENGAL,,
WEST BENGAL,HOOGHLY,312,HOOGHLY,19,WEST BENGAL,,
WEST BENGAL,HOWRAH,313,HOWRAH,19,WEST BENGAL,,
WEST BENGAL,JALPAIGURI,314,JALPAIGURI,19,WEST BENGAL,,
WEST BENGAL,JD-ASANSOL,704,PASCHIM BARDHAMAN,19,WEST BENGAL,,
WEST BENGAL,JD-BARRACKPORE,303,24 PARAGANAS NORTH,19,WEST BENGAL,,
WEST BENGAL,JD-HOOGLY,312,HOOGHLY,19,WEST BENGAL,,
WEST BENGAL,JD-KOLKATA NORTH,315,KOLKATA,19,WEST BENGAL,,
WEST BENGAL,JD-KOLKATA SOUTH,315,KOLKATA,19,WEST BENGAL,,
WEST BENGAL,JDR-Asansol,704,PASCHIM BARDHAMAN,19,WEST BENGAL,,
WEST BENGAL,JDR-Howrah,313,HOWRAH,19,WEST BENGAL,,
WEST BENGAL,JHARGRAM,703,Jhargram,19,WEST BENGAL,,
WEST BENGAL,JOINT DIRECTOR. KOLKATA SOUTH,315,KOLKATA,19,WEST BENGAL,,
WEST BENGAL,Jt. Director of Kolkata - North,315,KOLKATA,19,WEST BENGAL,,
WEST BENGAL,"Jt. Director of Rationing , Barrackpore",315,KOLKATA,19,WEST BENGAL,,
WEST BENGAL,"JT. DIRECTOR OF RATIONING , BARRACKPORE",303,24 PARAGANAS NORTH,19,WEST BENGAL,,
WEST BENGAL,"Jt. Director of Rationing , Hoogly",312,HOOGHLY,19,WEST BENGAL,,
WEST BENGAL,Kalimpong,702,KALIMPONG,19,WEST BENGAL,,
WEST BENGAL,MALDAH,316,MALDAH,19,WEST BENGAL,,
WEST BENGAL,MEDINIPUR EAST,317,MEDINIPUR EAST,19,WEST BENGAL,,
WEST BENGAL,MEDINIPUR WEST,318,MEDINIPUR WEST,19,WEST BENGAL,,
WEST BENGAL,MURSHIDABAD,319,MURSHIDABAD,19,WEST BENGAL,,
WEST BENGAL,NADIA,320,NADIA,19,WEST BENGAL,,
WEST BENGAL,NORTH TWENTY FOUR PARGANAS,303,24 PARAGANAS NORTH,19,WEST BENGAL,,
WEST BENGAL,PASCHIM BARDHAMAN,704,PASCHIM BARDHAMAN,19,WEST BENGAL,,
WEST BENGAL,PASCHIM MEDINIPUR,318,MEDINIPUR WEST,19,WEST BENGAL,,
WEST BENGAL,PURBA MIDNAPORE,317,MEDINIPUR EAST,19,WEST BENGAL,,
WEST BENGAL,PURULIA,321,PURULIA,19,WEST BENGAL,,
WEST BENGAL,SOUTH 24 PARGANA,304,24 PARAGANAS SOUTH,19,WEST BENGAL,,
WEST BENGAL,UTTAR DINAJPUR,311,DINAJPUR UTTAR,19,WEST BENGAL,,
ANDAMAN & NICOBAR ISLANDS,"Directorate of Civil SUpplies and Consumer Affairs, Nicobars",603,NICOBARS,35,ANDAMAN AND NICOBAR ISLANDS,,
DAMAN & DIU,DADRA AND NAGAR HAVELI,465,DADRA AND NAGAR HAVELI,38,THE DADRA AND NAGAR HAVELI AND DAMAN AND DIU,,
DAMAN & DIU,Daman,463,DAMAN,38,THE DADRA AND NAGAR HAVELI AND DAMAN AND DIU,,
DAMAN & DIU,Diu,464,DIU,38,THE DADRA AND NAGAR HAVELI AND DAMAN AND DIU,,
ANDAMAN & NICOBAR ISLANDS,NICOBARS,603,NICOBARS,35,ANDAMAN AND NICOBAR ISLANDS,,
ANDAMAN & NICOBAR ISLANDS,NORTH AND MIDDLE ANDAMAN,632,NORTH AND MIDDLE ANDAMAN,35,ANDAMAN AND NICOBAR ISLANDS,,
ANDAMAN & NICOBAR ISLANDS,SOUTH ANDAMANS,602,SOUTH ANDAMANS,35,ANDAMAN AND NICOBAR ISLANDS,,
ANDAMAN & NICOBAR ISLANDS,Nicobar,603,NICOBARS,35,ANDAMAN AND NICOBAR ISLANDS,,
ANDAMAN & NICOBAR ISLANDS,North Middle Andaman,632,NORTH AND MIDDLE ANDAMAN,35,ANDAMAN AND NICOBAR ISLANDS,,
ANDAMAN & NICOBAR ISLANDS,South Andaman,602,SOUTH ANDAMANS,35,ANDAMAN AND NICOBAR ISLANDS,,
DAMAN & DIU,Dadar Nagar Haveli,465,DADRA AND NAGAR HAVELI,38,THE DADRA AND NAGAR HAVELI AND DAMAN AND DIU,,
TRIPURA,SDM UDAIPUR,654,Gomati,16,TRIPURA,,
