state_fert,district_fert,state_name,state_code,district_name,district_code
Andaman and Nicobar Islands,Nicobars,ANDAMAN AND NICOBAR ISLANDS,35,NICOBARS,603
Andaman and Nicobar Islands,North And Middle Andaman,ANDAMAN AND NICOBAR ISLANDS,35,NORTH AND MIDDLE ANDAMAN,632
Andaman and Nicobar Islands,South Andamans,ANDAMAN AND NICOBAR ISLANDS,35,SOUTH ANDAMANS,602
Andhra Pradesh,Anantapur,ANDHRA PRADESH,28,ANANTAPUR,502
Andhra Pradesh,Chittoor,ANDHRA PRADESH,28,CHITTOOR,503
Andhra Pradesh,East Godavari,ANDHRA PRADESH,28,EAST GODAVARI,505
Andhra Pradesh,Guntur,ANDHRA PRADESH,28,GUNTUR,506
Andhra Pradesh,Krishna,ANDHRA PRADESH,28,KRISHNA,510
Andhra Pradesh,Kurnool,ANDHRA PRADESH,28,KURNOOL,511
Andhra Pradesh,Prakasam,ANDHRA PRADESH,28,PRAKASAM,517
Andhra Pradesh,Spsr Nellore,ANDHRA PRADESH,28,SPSR NELLORE,515
Andhra Pradesh,Srikakulam,ANDHRA PRADESH,28,SRIKAKULAM,519
Andhra Pradesh,Visakhapatanam,ANDHRA PRADESH,28,VISAKHAPATANAM,520
Andhra Pradesh,Vizianagaram,ANDHRA PRADESH,28,VIZIANAGARAM,521
Andhra Pradesh,West Godavari,ANDHRA PRADESH,28,WEST GODAVARI,523
Andhra Pradesh,Y.S.R.,ANDHRA PRADESH,28,Y.S.R.,504
Assam,Baksa,ASSAM,18,BAKSA,616
Assam,Barpeta,ASSAM,18,BARPETA,280
Assam,Bongaigaon,ASSAM,18,BONGAIGAON,281
Assam,Cachar,ASSAM,18,CACHAR,282
Assam,Chirang,ASSAM,18,CHIRANG,612
Assam,Darrang,ASSAM,18,DARRANG,283
Assam,Dhemaji,ASSAM,18,DHEMAJI,284
Assam,Dhubri,ASSAM,18,DHUBRI,285
Assam,Dibrugarh,ASSAM,18,DIBRUGARH,286
Assam,Goalpara,ASSAM,18,GOALPARA,287
Assam,Golaghat,ASSAM,18,GOLAGHAT,288
Assam,Hailakandi,ASSAM,18,HAILAKANDI,289
Assam,Jorhat,ASSAM,18,JORHAT,290
Assam,Kamrup,ASSAM,18,KAMRUP,291
Assam,Kamrup Metro,ASSAM,18,KAMRUP METRO,618
Assam,Karbi Anglong,ASSAM,18,KARBI ANGLONG,292
Assam,Karimganj,ASSAM,18,KARIMGANJ,293
Assam,Kokrajhar,ASSAM,18,KOKRAJHAR,294
Assam,Lakhimpur,ASSAM,18,LAKHIMPUR,295
Assam,Marigaon,ASSAM,18,MARIGAON,296
Assam,Nagaon,ASSAM,18,NAGAON,297
Assam,Nalbari,ASSAM,18,NALBARI,298
Assam,Sivasagar,ASSAM,18,SIVASAGAR,300
Assam,Sonitpur,ASSAM,18,SONITPUR,301
Assam,Tinsukia,ASSAM,18,TINSUKIA,302
Assam,Udalguri,ASSAM,18,UDALGURI,617
Bihar,Araria,BIHAR,10,ARARIA,188
Bihar,Arwal,BIHAR,10,ARWAL,611
Bihar,Aurangabad,BIHAR,10,AURANGABAD,189
Bihar,Banka,BIHAR,10,BANKA,190
Bihar,Begusarai,BIHAR,10,BEGUSARAI,191
Bihar,Bhagalpur,BIHAR,10,BHAGALPUR,192
Bihar,Bhojpur,BIHAR,10,BHOJPUR,193
Bihar,Buxar,BIHAR,10,BUXAR,194
Bihar,Darbhanga,BIHAR,10,DARBHANGA,195
Bihar,Gaya,BIHAR,10,GAYA,196
Bihar,Gopalganj,BIHAR,10,GOPALGANJ,197
Bihar,Jamui,BIHAR,10,JAMUI,198
Bihar,Jehanabad,BIHAR,10,JEHANABAD,199
Bihar,Kaimur (Bhabua),BIHAR,10,KAIMUR (BHABUA),200
Bihar,Katihar,BIHAR,10,KATIHAR,201
Bihar,Khagaria,BIHAR,10,KHAGARIA,202
Bihar,Kishanganj,BIHAR,10,KISHANGANJ,203
Bihar,Lakhisarai,BIHAR,10,LAKHISARAI,204
Bihar,Madhepura,BIHAR,10,MADHEPURA,205
Bihar,Madhubani,BIHAR,10,MADHUBANI,206
Bihar,Munger,BIHAR,10,MUNGER,207
Bihar,Muzaffarpur,BIHAR,10,MUZAFFARPUR,208
Bihar,Nalanda,BIHAR,10,NALANDA,209
Bihar,Nawada,BIHAR,10,NAWADA,210
Bihar,Pashchim Champaran,BIHAR,10,PASHCHIM CHAMPARAN,211
Bihar,Patna,BIHAR,10,PATNA,212
Bihar,Purbi Champaran,BIHAR,10,PURBI CHAMPARAN,213
Bihar,Purnia,BIHAR,10,PURNIA,214
Bihar,Rohtas,BIHAR,10,ROHTAS,215
Bihar,Saharsa,BIHAR,10,SAHARSA,216
Bihar,Samastipur,BIHAR,10,SAMASTIPUR,217
Bihar,Saran,BIHAR,10,SARAN,218
Bihar,Sheikhpura,BIHAR,10,SHEIKHPURA,219
Bihar,Sheohar,BIHAR,10,SHEOHAR,220
Bihar,Sitamarhi,BIHAR,10,SITAMARHI,221
Bihar,Siwan,BIHAR,10,SIWAN,222
Bihar,Supaul,BIHAR,10,SUPAUL,223
Bihar,Vaishali,BIHAR,10,VAISHALI,224
Chhattisgarh,Balod,CHHATTISGARH,22,BALOD,646
Chhattisgarh,Baloda Bazar,CHHATTISGARH,22,BALODA BAZAR,644
Chhattisgarh,Balrampur,CHHATTISGARH,22,BALRAMPUR,649
Chhattisgarh,Bastar,CHHATTISGARH,22,BASTAR,374
Chhattisgarh,Bemetara,CHHATTISGARH,22,BEMETARA,650
Chhattisgarh,Bijapur,CHHATTISGARH,22,BIJAPUR,636
Chhattisgarh,Bilaspur,CHHATTISGARH,22,BILASPUR,375
Chhattisgarh,Dhamtari,CHHATTISGARH,22,DHAMTARI,377
Chhattisgarh,Durg,CHHATTISGARH,22,DURG,378
Chhattisgarh,Gariyaband,CHHATTISGARH,22,GARIYABAND,645
Chhattisgarh,Janjgir-Champa,CHHATTISGARH,22,JANJGIR-CHAMPA,379
Chhattisgarh,Jashpur,CHHATTISGARH,22,JASHPUR,380
Chhattisgarh,Kabirdham,CHHATTISGARH,22,KABIRDHAM,382
Chhattisgarh,Kondagaon,CHHATTISGARH,22,KONDAGAON,643
Chhattisgarh,Korba,CHHATTISGARH,22,KORBA,383
Chhattisgarh,Korea,CHHATTISGARH,22,KOREA,384
Chhattisgarh,Mahasamund,CHHATTISGARH,22,MAHASAMUND,385
Chhattisgarh,Mungeli,CHHATTISGARH,22,MUNGELI,647
Chhattisgarh,Narayanpur,CHHATTISGARH,22,NARAYANPUR,637
Chhattisgarh,Raigarh,CHHATTISGARH,22,RAIGARH,386
Chhattisgarh,Raipur,CHHATTISGARH,22,RAIPUR,387
Chhattisgarh,Rajnandgaon,CHHATTISGARH,22,RAJNANDGAON,388
Chhattisgarh,Sukma,CHHATTISGARH,22,SUKMA,642
Chhattisgarh,Surajpur,CHHATTISGARH,22,SURAJPUR,648
Chhattisgarh,Surguja,CHHATTISGARH,22,SURGUJA,389
Chhattisgarh,Uttar Bastar Kanker,CHHATTISGARH,22,KANKER,381
Dadra and Nagar Haveli,Dadra And Nagar Haveli,THE DADRA AND NAGAR HAVELI AND DAMAN AND DIU,38,DADRA AND NAGAR HAVELI,465
Daman and Diu,Daman,THE DADRA AND NAGAR HAVELI AND DAMAN AND DIU,38,DAMAN,463
Delhi,East Delhi,DELHI,7,EAST,78
Delhi,North-East Delhi,DELHI,7,NORTH EAST,81
Delhi,North Delhi,DELHI,7,NORTH,80
Delhi,North West Delhi,DELHI,7,NORTH WEST,82
Delhi,South-West Delhi,DELHI,7,SOUTH WEST,84
Goa,North Goa,GOA,30,NORTH GOA,551
Goa,South Goa,GOA,30,SOUTH GOA,552
Gujarat,Ahmadabad,GUJARAT,24,AHMADABAD,438
Gujarat,Amreli,GUJARAT,24,AMRELI,439
Gujarat,Anand,GUJARAT,24,ANAND,440
Gujarat,Arvalli,GUJARAT,24,ARVALLI,672
Gujarat,Banas Kantha,GUJARAT,24,BANAS KANTHA,441
Gujarat,Bharuch,GUJARAT,24,BHARUCH,442
Gujarat,Bhavnagar,GUJARAT,24,BHAVNAGAR,443
Gujarat,Botad,GUJARAT,24,BOTAD,676
Gujarat,Chhotaudepur,GUJARAT,24,CHHOTAUDEPUR,668
Gujarat,Dang,GUJARAT,24,DANG,444
Gujarat,Devbhumi Dwarka,GUJARAT,24,DEVBHUMI DWARKA,674
Gujarat,Dohad,GUJARAT,24,DOHAD,445
Gujarat,Gandhinagar,GUJARAT,24,GANDHINAGAR,446
Gujarat,Gir Somnath,GUJARAT,24,GIR SOMNATH,675
Gujarat,Jamnagar,GUJARAT,24,JAMNAGAR,447
Gujarat,Junagadh,GUJARAT,24,JUNAGADH,448
Gujarat,Kachchh,GUJARAT,24,KACHCHH,449
Gujarat,Kheda,GUJARAT,24,KHEDA,450
Gujarat,Mahesana,GUJARAT,24,MAHESANA,451
Gujarat,Mahisagar,GUJARAT,24,Mahisagar,669
Gujarat,Morbi,GUJARAT,24,MORBI,673
Gujarat,Narmada,GUJARAT,24,NARMADA,452
Gujarat,Navsari,GUJARAT,24,NAVSARI,453
Gujarat,Panch Mahals,GUJARAT,24,PANCH MAHALS,454
Gujarat,Patan,GUJARAT,24,PATAN,455
Gujarat,Porbandar,GUJARAT,24,PORBANDAR,456
Gujarat,Rajkot,GUJARAT,24,RAJKOT,457
Gujarat,Sabar Kantha,GUJARAT,24,SABAR KANTHA,458
Gujarat,Surat,GUJARAT,24,SURAT,459
Gujarat,Surendranagar,GUJARAT,24,SURENDRANAGAR,460
Gujarat,Tapi,GUJARAT,24,TAPI,641
Gujarat,Vadodara,GUJARAT,24,VADODARA,461
Gujarat,Valsad,GUJARAT,24,VALSAD,462
Haryana,Ambala,HARYANA,6,AMBALA,58
Haryana,Bhiwani,HARYANA,6,BHIWANI,59
Haryana,Faridabad,HARYANA,6,FARIDABAD,60
Haryana,Fatehabad,HARYANA,6,FATEHABAD,61
Haryana,Gurgaon,HARYANA,6,GURUGRAM,62
Haryana,Hisar,HARYANA,6,HISAR,63
Haryana,Jhajjar,HARYANA,6,JHAJJAR,64
Haryana,Jind,HARYANA,6,JIND,65
Haryana,Kaithal,HARYANA,6,KAITHAL,66
Haryana,Karnal,HARYANA,6,KARNAL,67
Haryana,Kurukshetra,HARYANA,6,KURUKSHETRA,68
Haryana,Mahendragarh,HARYANA,6,MAHENDRAGARH,69
Haryana,Mewat,HARYANA,6,NUH,604
Haryana,Palwal,HARYANA,6,PALWAL,619
Haryana,Panchkula,HARYANA,6,PANCHKULA,70
Haryana,Panipat,HARYANA,6,PANIPAT,71
Haryana,Rewari,HARYANA,6,REWARI,72
Haryana,Rohtak,HARYANA,6,ROHTAK,73
Haryana,Sirsa,HARYANA,6,SIRSA,74
Haryana,Sonipat,HARYANA,6,SONIPAT,75
Haryana,Yamunanagar,HARYANA,6,YAMUNANAGAR,76
Himachal Pradesh,Bilaspur,HIMACHAL PRADESH,2,BILASPUR,15
Himachal Pradesh,Chamba,HIMACHAL PRADESH,2,CHAMBA,16
Himachal Pradesh,Hamirpur,HIMACHAL PRADESH,2,HAMIRPUR,17
Himachal Pradesh,Kangra,HIMACHAL PRADESH,2,KANGRA,18
Himachal Pradesh,Kinnaur,HIMACHAL PRADESH,2,KINNAUR,19
Himachal Pradesh,Kullu,HIMACHAL PRADESH,2,KULLU,20
Himachal Pradesh,Lahul And Spiti,HIMACHAL PRADESH,2,LAHUL AND SPITI,21
Himachal Pradesh,Mandi,HIMACHAL PRADESH,2,MANDI,22
Himachal Pradesh,Shimla,HIMACHAL PRADESH,2,SHIMLA,23
Himachal Pradesh,Sirmaur,HIMACHAL PRADESH,2,SIRMAUR,24
Himachal Pradesh,Solan,HIMACHAL PRADESH,2,SOLAN,25
Himachal Pradesh,Una,HIMACHAL PRADESH,2,UNA,26
Jammu and kashmir,Anantnag,JAMMU AND KASHMIR,1,ANANTNAG,1
Jammu and kashmir,Badgam,JAMMU AND KASHMIR,1,Budgam,2
Jammu and kashmir,Bandipora,JAMMU AND KASHMIR,1,BANDIPORA,623
Jammu and kashmir,Baramulla,JAMMU AND KASHMIR,1,BARAMULLA,3
Jammu and kashmir,Doda,JAMMU AND KASHMIR,1,DODA,4
Jammu and kashmir,Ganderbal,JAMMU AND KASHMIR,1,GANDERBAL,626
Jammu and kashmir,Jammu,JAMMU AND KASHMIR,1,JAMMU,5
Jammu and kashmir,Kargil,LADAKH,37,KARGIL,6
Jammu and kashmir,Kathua,JAMMU AND KASHMIR,1,KATHUA,7
Jammu and kashmir,Kishtwar,JAMMU AND KASHMIR,1,KISHTWAR,620
Jammu and kashmir,Kulgam,JAMMU AND KASHMIR,1,KULGAM,622
Jammu and kashmir,Kupwara,JAMMU AND KASHMIR,1,KUPWARA,8
Jammu and kashmir,Leh Ladakh,LADAKH,37,LEH LADAKH,9
Jammu and kashmir,Poonch,JAMMU AND KASHMIR,1,POONCH,10
Jammu and kashmir,Pulwama,JAMMU AND KASHMIR,1,PULWAMA,11
Jammu and kashmir,Rajauri,JAMMU AND KASHMIR,1,RAJOURI,12
Jammu and kashmir,Ramban,JAMMU AND KASHMIR,1,RAMBAN,621
Jammu and kashmir,Reasi,JAMMU AND KASHMIR,1,REASI,627
Jammu and kashmir,Samba,JAMMU AND KASHMIR,1,SAMBA,624
Jammu and kashmir,Shopian,JAMMU AND KASHMIR,1,SHOPIAN,625
Jammu and kashmir,Srinagar,JAMMU AND KASHMIR,1,SRINAGAR,13
Jammu and kashmir,Udhampur,JAMMU AND KASHMIR,1,UDHAMPUR,14
Jharkhand,Bokaro,JHARKHAND,20,BOKARO,322
Jharkhand,Chatra,JHARKHAND,20,CHATRA,323
Jharkhand,Deoghar,JHARKHAND,20,DEOGHAR,324
Jharkhand,Dhanbad,JHARKHAND,20,DHANBAD,325
Jharkhand,Dumka,JHARKHAND,20,DUMKA,326
Jharkhand,East Singhbum,JHARKHAND,20,EAST SINGHBUM,327
Jharkhand,Garhwa,JHARKHAND,20,GARHWA,328
Jharkhand,Giridih,JHARKHAND,20,GIRIDIH,329
Jharkhand,Godda,JHARKHAND,20,GODDA,330
Jharkhand,Gumla,JHARKHAND,20,GUMLA,331
Jharkhand,Hazaribagh,JHARKHAND,20,HAZARIBAGH,332
Jharkhand,Jamtara,JHARKHAND,20,JAMTARA,333
Jharkhand,Khunti,JHARKHAND,20,KHUNTI,606
Jharkhand,Koderma,JHARKHAND,20,KODERMA,334
Jharkhand,Latehar,JHARKHAND,20,LATEHAR,335
Jharkhand,Lohardaga,JHARKHAND,20,LOHARDAGA,336
Jharkhand,Pakur,JHARKHAND,20,PAKUR,337
Jharkhand,Palamu,JHARKHAND,20,PALAMU,338
Jharkhand,Ramgarh,JHARKHAND,20,RAMGARH,607
Jharkhand,Ranchi,JHARKHAND,20,RANCHI,339
Jharkhand,Sahebganj,JHARKHAND,20,SAHEBGANJ,340
Jharkhand,Saraikela Kharsawan,JHARKHAND,20,SARAIKELA KHARSAWAN,341
Jharkhand,Simdega,JHARKHAND,20,SIMDEGA,342
Jharkhand,West Singhbhum,JHARKHAND,20,WEST SINGHBHUM,343
Karnataka,Bagalkot,KARNATAKA,29,BAGALKOTE,524
Karnataka,Bangalore Rural,KARNATAKA,29,BENGALURU RURAL,526
Karnataka,Belgaum,KARNATAKA,29,BELAGAVI,527
Karnataka,Bellary,KARNATAKA,29,BALLARI,528
Karnataka,Bengaluru Urban,KARNATAKA,29,BENGALURU URBAN,525
Karnataka,Bidar,KARNATAKA,29,BIDAR,529
Karnataka,Bijapur,KARNATAKA,29,VIJAYAPURA,530
Karnataka,Chamarajanagar,KARNATAKA,29,CHAMARAJANAGARA,531
Karnataka,Chikballapur,KARNATAKA,29,CHIKKABALLAPURA,630
Karnataka,Chikmagalur,KARNATAKA,29,CHIKKAMAGALURU,532
Karnataka,Chitradurga,KARNATAKA,29,CHITRADURGA,533
Karnataka,Dakshin Kannad,KARNATAKA,29,DAKSHINA KANNADA,534
Karnataka,Davangere,KARNATAKA,29,DAVANGERE,535
Karnataka,Dharwad,KARNATAKA,29,DHARWAD,536
Karnataka,Gadag,KARNATAKA,29,GADAG,537
Karnataka,Gulbarga,KARNATAKA,29,KALABURAGI,538
Karnataka,Hassan,KARNATAKA,29,HASSAN,539
Karnataka,Haveri,KARNATAKA,29,HAVERI,540
Karnataka,Kodagu,KARNATAKA,29,KODAGU,541
Karnataka,Kolar,KARNATAKA,29,KOLAR,542
Karnataka,Koppal,KARNATAKA,29,KOPPAL,543
Karnataka,Mandya,KARNATAKA,29,MANDYA,544
Karnataka,Mysore,KARNATAKA,29,MYSURU,545
Karnataka,Raichur,KARNATAKA,29,RAICHUR,546
Karnataka,Ramanagara,KARNATAKA,29,RAMANAGARA,631
Karnataka,Shimoga,KARNATAKA,29,SHIVAMOGGA,547
Karnataka,Tumkur,KARNATAKA,29,TUMAKURU,548
Karnataka,Udupi,KARNATAKA,29,UDUPI,549
Karnataka,Uttar Kannad,KARNATAKA,29,UTTARA KANNADA,550
Karnataka,Yadgir,KARNATAKA,29,YADGIR,635
Kerala,Alappuzha,KERALA,32,ALAPPUZHA,554
Kerala,Ernakulam,KERALA,32,ERNAKULAM,555
Kerala,Idukki,KERALA,32,IDUKKI,556
Kerala,Kannur,KERALA,32,KANNUR,557
Kerala,Kasaragod,KERALA,32,KASARAGOD,558
Kerala,Kollam,KERALA,32,KOLLAM,559
Kerala,Kottayam,KERALA,32,KOTTAYAM,560
Kerala,Kozhikode,KERALA,32,KOZHIKODE,561
Kerala,Malappuram,KERALA,32,MALAPPURAM,562
Kerala,Palakkad,KERALA,32,PALAKKAD,563
Kerala,Pathanamthitta,KERALA,32,PATHANAMTHITTA,564
Kerala,Thiruvananthapuram,KERALA,32,THIRUVANANTHAPURAM,565
Kerala,Thrissur,KERALA,32,THRISSUR,566
Kerala,Wayanad,KERALA,32,WAYANAD,567
Madhya Pradesh,Alirajpur,MADHYA PRADESH,23,ALIRAJPUR,639
Madhya Pradesh,Anuppur,MADHYA PRADESH,23,ANUPPUR,390
Madhya Pradesh,Ashoknagar,MADHYA PRADESH,23,ASHOKNAGAR,391
Madhya Pradesh,Balaghat,MADHYA PRADESH,23,BALAGHAT,392
Madhya Pradesh,Barwani,MADHYA PRADESH,23,BARWANI,393
Madhya Pradesh,Betul,MADHYA PRADESH,23,BETUL,394
Madhya Pradesh,Bhind,MADHYA PRADESH,23,BHIND,395
Madhya Pradesh,Bhopal,MADHYA PRADESH,23,BHOPAL,396
Madhya Pradesh,Burhanpur,MADHYA PRADESH,23,BURHANPUR,397
Madhya Pradesh,Chhatarpur,MADHYA PRADESH,23,CHHATARPUR,398
Madhya Pradesh,Chhindwara,MADHYA PRADESH,23,CHHINDWARA,399
Madhya Pradesh,Damoh,MADHYA PRADESH,23,DAMOH,400
Madhya Pradesh,Datia,MADHYA PRADESH,23,DATIA,401
Madhya Pradesh,Dewas,MADHYA PRADESH,23,DEWAS,402
Madhya Pradesh,Dhar,MADHYA PRADESH,23,DHAR,403
Madhya Pradesh,Dindori,MADHYA PRADESH,23,DINDORI,404
Madhya Pradesh,East Nimar,MADHYA PRADESH,23,EAST NIMAR,405
Madhya Pradesh,Guna,MADHYA PRADESH,23,GUNA,406
Madhya Pradesh,Gwalior,MADHYA PRADESH,23,GWALIOR,407
Madhya Pradesh,Harda,MADHYA PRADESH,23,HARDA,408
Madhya Pradesh,Hoshangabad,MADHYA PRADESH,23,HOSHANGABAD,409
Madhya Pradesh,Indore,MADHYA PRADESH,23,INDORE,410
Madhya Pradesh,Jabalpur,MADHYA PRADESH,23,JABALPUR,411
Madhya Pradesh,Jhabua,MADHYA PRADESH,23,JHABUA,412
Madhya Pradesh,Katni,MADHYA PRADESH,23,KATNI,413
Madhya Pradesh,Khargone,MADHYA PRADESH,23,KHARGONE,414
Madhya Pradesh,Mandla,MADHYA PRADESH,23,MANDLA,415
Madhya Pradesh,Mandsaur,MADHYA PRADESH,23,MANDSAUR,416
Madhya Pradesh,Morena,MADHYA PRADESH,23,MORENA,417
Madhya Pradesh,Narsinghpur,MADHYA PRADESH,23,NARSINGHPUR,418
Madhya Pradesh,Neemuch,MADHYA PRADESH,23,NEEMUCH,419
Madhya Pradesh,Panna,MADHYA PRADESH,23,PANNA,420
Madhya Pradesh,Raisen,MADHYA PRADESH,23,RAISEN,421
Madhya Pradesh,Rajgarh,MADHYA PRADESH,23,RAJGARH,422
Madhya Pradesh,Ratlam,MADHYA PRADESH,23,RATLAM,423
Madhya Pradesh,Rewa,MADHYA PRADESH,23,REWA,424
Madhya Pradesh,Sagar,MADHYA PRADESH,23,SAGAR,425
Madhya Pradesh,Satna,MADHYA PRADESH,23,SATNA,426
Madhya Pradesh,Sehore,MADHYA PRADESH,23,SEHORE,427
Madhya Pradesh,Seoni,MADHYA PRADESH,23,SEONI,428
Madhya Pradesh,Shahdol,MADHYA PRADESH,23,SHAHDOL,429
Madhya Pradesh,Shajapur,MADHYA PRADESH,23,SHAJAPUR,430
Madhya Pradesh,Sheopur,MADHYA PRADESH,23,SHEOPUR,431
Madhya Pradesh,Shivpuri,MADHYA PRADESH,23,SHIVPURI,432
Madhya Pradesh,Sidhi,MADHYA PRADESH,23,SIDHI,433
Madhya Pradesh,Singrauli,MADHYA PRADESH,23,SINGRAULI,638
Madhya Pradesh,Tikamgarh,MADHYA PRADESH,23,TIKAMGARH,434
Madhya Pradesh,Ujjain,MADHYA PRADESH,23,UJJAIN,435
Madhya Pradesh,Umaria,MADHYA PRADESH,23,UMARIA,436
Madhya Pradesh,Vidisha,MADHYA PRADESH,23,VIDISHA,437
Maharashtra,Ahmednagar,MAHARASHTRA,27,AHMEDNAGAR,466
Maharashtra,Akola,MAHARASHTRA,27,AKOLA,467
Maharashtra,Amravati,MAHARASHTRA,27,AMRAVATI,468
Maharashtra,Aurangabad,MAHARASHTRA,27,AURANGABAD,469
Maharashtra,Beed,MAHARASHTRA,27,BEED,470
Maharashtra,Bhandara,MAHARASHTRA,27,BHANDARA,471
Maharashtra,Buldhana,MAHARASHTRA,27,BULDHANA,472
Maharashtra,Chandrapur,MAHARASHTRA,27,CHANDRAPUR,473
Maharashtra,Dhule,MAHARASHTRA,27,DHULE,474
Maharashtra,Gadchiroli,MAHARASHTRA,27,GADCHIROLI,475
Maharashtra,Gondia,MAHARASHTRA,27,GONDIA,476
Maharashtra,Hingoli,MAHARASHTRA,27,HINGOLI,477
Maharashtra,Jalgaon,MAHARASHTRA,27,JALGAON,478
Maharashtra,Jalna,MAHARASHTRA,27,JALNA,479
Maharashtra,Kolhapur,MAHARASHTRA,27,KOLHAPUR,480
Maharashtra,Latur,MAHARASHTRA,27,LATUR,481
Maharashtra,Nagpur,MAHARASHTRA,27,NAGPUR,484
Maharashtra,Nanded,MAHARASHTRA,27,NANDED,485
Maharashtra,Nandurbar,MAHARASHTRA,27,NANDURBAR,486
Maharashtra,Nashik,MAHARASHTRA,27,NASHIK,487
Maharashtra,Osmanabad,MAHARASHTRA,27,OSMANABAD,488
Maharashtra,Palghar,MAHARASHTRA,27,PALGHAR,665
Maharashtra,Parbhani,MAHARASHTRA,27,PARBHANI,489
Maharashtra,Pune,MAHARASHTRA,27,PUNE,490
Maharashtra,Raigarh,MAHARASHTRA,27,RAIGAD,491
Maharashtra,Ratnagiri,MAHARASHTRA,27,RATNAGIRI,492
Maharashtra,Sangli,MAHARASHTRA,27,SANGLI,493
Maharashtra,Satara,MAHARASHTRA,27,SATARA,494
Maharashtra,Sindhudurg,MAHARASHTRA,27,SINDHUDURG,495
Maharashtra,Solapur,MAHARASHTRA,27,SOLAPUR,496
Maharashtra,Thane,MAHARASHTRA,27,THANE,497
Maharashtra,Wardha,MAHARASHTRA,27,WARDHA,498
Maharashtra,Washim,MAHARASHTRA,27,WASHIM,499
Maharashtra,Yavatmal,MAHARASHTRA,27,YAVATMAL,500
Manipur,Bishnupur,MANIPUR,14,BISHNUPUR,252
Manipur,Imphal East,MANIPUR,14,IMPHAL EAST,255
Manipur,Imphal West,MANIPUR,14,IMPHAL WEST,256
Manipur,Senapati,MANIPUR,14,SENAPATI,257
Manipur,Thoubal,MANIPUR,14,THOUBAL,259
Mizoram,Aizawl,MIZORAM,15,AIZAWL,261
Mizoram,Champhai,MIZORAM,15,CHAMPHAI,262
Mizoram,Kolasib,MIZORAM,15,KOLASIB,263
Mizoram,Lawngtlai,MIZORAM,15,LAWNGTLAI,264
Mizoram,Lunglei,MIZORAM,15,LUNGLEI,265
Mizoram,Mamit,MIZORAM,15,MAMIT,266
Mizoram,Saiha,MIZORAM,15,SAIHA,267
Mizoram,Serchhip,MIZORAM,15,SERCHHIP,268
Nagaland,Dimapur,NAGALAND,13,DIMAPUR,244
Odisha,Anugul,ODISHA,21,ANUGUL,344
Odisha,Balangir,ODISHA,21,BALANGIR,345
Odisha,Baleshwar,ODISHA,21,BALESHWAR,346
Odisha,Bargarh,ODISHA,21,BARGARH,347
Odisha,Bhadrak,ODISHA,21,BHADRAK,348
Odisha,Boudh,ODISHA,21,BOUDH,349
Odisha,Cuttack,ODISHA,21,CUTTACK,350
Odisha,Debagarh,ODISHA,21,DEOGARH,351
Odisha,Dhenkanal,ODISHA,21,DHENKANAL,352
Odisha,Gajapati,ODISHA,21,GAJAPATI,353
Odisha,Ganjam,ODISHA,21,GANJAM,354
Odisha,Jagatsinghapur,ODISHA,21,JAGATSINGHAPUR,355
Odisha,Jajapur,ODISHA,21,JAJAPUR,356
Odisha,Jharsuguda,ODISHA,21,JHARSUGUDA,357
Odisha,Kalahandi,ODISHA,21,KALAHANDI,358
Odisha,Kandhamal,ODISHA,21,KANDHAMAL,359
Odisha,Kendrapara,ODISHA,21,KENDRAPARA,360
Odisha,Kendujhar,ODISHA,21,KENDUJHAR,361
Odisha,Khordha,ODISHA,21,KHORDHA,362
Odisha,Koraput,ODISHA,21,KORAPUT,363
Odisha,Malkangiri,ODISHA,21,MALKANGIRI,364
Odisha,Mayurbhanj,ODISHA,21,MAYURBHANJ,365
Odisha,Nabarangpur,ODISHA,21,NABARANGPUR,366
Odisha,Nayagarh,ODISHA,21,NAYAGARH,367
Odisha,Nuapada,ODISHA,21,NUAPADA,368
Odisha,Puri,ODISHA,21,PURI,369
Odisha,Rayagada,ODISHA,21,RAYAGADA,370
Odisha,Sambalpur,ODISHA,21,SAMBALPUR,371
Odisha,Subarnapur,ODISHA,21,SONEPUR,372
Odisha,Sundargarh,ODISHA,21,SUNDARGARH,373
Puducherry,Karaikal,PUDUCHERRY,34,KARAIKAL,598
Puducherry,Pondicherry,PUDUCHERRY,34,PONDICHERRY,600
Puducherry,Yanam,PUDUCHERRY,34,YANAM,601
Punjab,Amritsar,PUNJAB,3,AMRITSAR,27
Punjab,Barnala,PUNJAB,3,BARNALA,605
Punjab,Bathinda,PUNJAB,3,BATHINDA,28
Punjab,Faridkot,PUNJAB,3,FARIDKOT,29
Punjab,Fatehgarh Sahib,PUNJAB,3,FATEHGARH SAHIB,30
Punjab,Fazilka,PUNJAB,3,FAZILKA,651
Punjab,Firozepur,PUNJAB,3,FEROZEPUR,31
Punjab,Gurdaspur,PUNJAB,3,GURDASPUR,32
Punjab,Hoshiarpur,PUNJAB,3,HOSHIARPUR,33
Punjab,Jalandhar,PUNJAB,3,JALANDHAR,34
Punjab,Kapurthala,PUNJAB,3,KAPURTHALA,35
Punjab,Ludhiana,PUNJAB,3,LUDHIANA,36
Punjab,Mansa,PUNJAB,3,MANSA,37
Punjab,Moga,PUNJAB,3,MOGA,38
Punjab,Muktsar,PUNJAB,3,SRI MUKTSAR SAHIB,39
Punjab,Nawanshahr,PUNJAB,3,Shahid Bhagat Singh Nagar,40
Punjab,Pathankot,PUNJAB,3,PATHANKOT,662
Punjab,Patiala,PUNJAB,3,PATIALA,41
Punjab,Rupnagar,PUNJAB,3,RUPNAGAR,42
Punjab,S.A.S Nagar,PUNJAB,3,S.A.S Nagar,608
Punjab,Sangrur,PUNJAB,3,SANGRUR,43
Punjab,Tarn Taran,PUNJAB,3,Tarn Taran,609
Rajasthan,Ajmer,RAJASTHAN,8,AJMER,86
Rajasthan,Alwar,RAJASTHAN,8,ALWAR,87
Rajasthan,Banswara,RAJASTHAN,8,BANSWARA,88
Rajasthan,Baran,RAJASTHAN,8,BARAN,89
Rajasthan,Barmer,RAJASTHAN,8,BARMER,90
Rajasthan,Bharatpur,RAJASTHAN,8,BHARATPUR,91
Rajasthan,Bhilwara,RAJASTHAN,8,BHILWARA,92
Rajasthan,Bikaner,RAJASTHAN,8,BIKANER,93
Rajasthan,Bundi,RAJASTHAN,8,BUNDI,94
Rajasthan,Chittorgarh,RAJASTHAN,8,CHITTORGARH,95
Rajasthan,Churu,RAJASTHAN,8,CHURU,96
Rajasthan,Dausa,RAJASTHAN,8,DAUSA,97
Rajasthan,Dholpur,RAJASTHAN,8,DHOLPUR,98
Rajasthan,Dungarpur,RAJASTHAN,8,DUNGARPUR,99
Rajasthan,Ganganagar,RAJASTHAN,8,GANGANAGAR,100
Rajasthan,Hanumangarh,RAJASTHAN,8,HANUMANGARH,101
Rajasthan,Jaipur,RAJASTHAN,8,JAIPUR,102
Rajasthan,Jaisalmer,RAJASTHAN,8,JAISALMER,103
Rajasthan,Jalore,RAJASTHAN,8,JALORE,104
Rajasthan,Jhalawar,RAJASTHAN,8,JHALAWAR,105
Rajasthan,Jhunjhunu,RAJASTHAN,8,JHUNJHUNU,106
Rajasthan,Jodhpur,RAJASTHAN,8,JODHPUR,107
Rajasthan,Karauli,RAJASTHAN,8,KARAULI,108
Rajasthan,Kota,RAJASTHAN,8,KOTA,109
Rajasthan,Nagaur,RAJASTHAN,8,NAGAUR,110
Rajasthan,Pali,RAJASTHAN,8,PALI,111
Rajasthan,Pratapgarh,RAJASTHAN,8,PRATAPGARH,629
Rajasthan,Rajsamand,RAJASTHAN,8,RAJSAMAND,112
Rajasthan,Sawai Madhopur,RAJASTHAN,8,SAWAI MADHOPUR,113
Rajasthan,Sikar,RAJASTHAN,8,SIKAR,114
Rajasthan,Sirohi,RAJASTHAN,8,SIROHI,115
Rajasthan,Tonk,RAJASTHAN,8,TONK,116
Rajasthan,Udaipur,RAJASTHAN,8,UDAIPUR,117
Tamil Nadu,Ariyalur,TAMIL NADU,33,Ariyalur,610
Tamil Nadu,Coimbatore,TAMIL NADU,33,COIMBATORE,569
Tamil Nadu,Cuddalore,TAMIL NADU,33,CUDDALORE,570
Tamil Nadu,Dharmapuri,TAMIL NADU,33,DHARMAPURI,571
Tamil Nadu,Dindigul,TAMIL NADU,33,DINDIGUL,572
Tamil Nadu,Erode,TAMIL NADU,33,ERODE,573
Tamil Nadu,Kanchipuram,TAMIL NADU,33,KANCHIPURAM,574
Tamil Nadu,Kanniyakumari,TAMIL NADU,33,KANNIYAKUMARI,575
Tamil Nadu,Karur,TAMIL NADU,33,KARUR,576
Tamil Nadu,Krishnagiri,TAMIL NADU,33,KRISHNAGIRI,577
Tamil Nadu,Madurai,TAMIL NADU,33,MADURAI,578
Tamil Nadu,Nagapattinam,TAMIL NADU,33,NAGAPATTINAM,579
Tamil Nadu,Namakkal,TAMIL NADU,33,NAMAKKAL,580
Tamil Nadu,Perambalur,TAMIL NADU,33,PERAMBALUR,581
Tamil Nadu,Pudukkottai,TAMIL NADU,33,PUDUKKOTTAI,582
Tamil Nadu,Ramanathapuram,TAMIL NADU,33,RAMANATHAPURAM,583
Tamil Nadu,Salem,TAMIL NADU,33,SALEM,584
Tamil Nadu,Sivaganga,TAMIL NADU,33,SIVAGANGA,585
Tamil Nadu,Thanjavur,TAMIL NADU,33,THANJAVUR,586
Tamil Nadu,The Nilgiris,TAMIL NADU,33,THE NILGIRIS,587
Tamil Nadu,Theni,TAMIL NADU,33,THENI,588
Tamil Nadu,Thiruvallur,TAMIL NADU,33,THIRUVALLUR,589
Tamil Nadu,Thiruvarur,TAMIL NADU,33,THIRUVARUR,590
Tamil Nadu,Thoothukkudi,TAMIL NADU,33,TUTICORIN,594
Tamil Nadu,Tiruchirappalli,TAMIL NADU,33,TIRUCHIRAPPALLI,591
Tamil Nadu,Tirunelveli,TAMIL NADU,33,TIRUNELVELI,592
Tamil Nadu,Tiruppur,TAMIL NADU,33,TIRUPPUR,634
Tamil Nadu,Tiruvannamalai,TAMIL NADU,33,TIRUVANNAMALAI,593
Tamil Nadu,Vellore,TAMIL NADU,33,VELLORE,595
Tamil Nadu,Villupuram,TAMIL NADU,33,VILLUPURAM,596
Tamil Nadu,Virudhunagar,TAMIL NADU,33,VIRUDHUNAGAR,597
Telangana,Adilabad,TELANGANA,36,ADILABAD,501
Telangana,Bhadradri,TELANGANA,36,BHADRADRI KOTHAGUDEM,690
Telangana,Hyderabad,TELANGANA,36,HYDERABAD,507
Telangana,Jagitial,TELANGANA,36,Jagitial,681
Telangana,Jangoan,TELANGANA,36,JANGOAN,689
Telangana,Jayashankar,TELANGANA,36,JAYASHANKAR BHUPALAPALLY,687
Telangana,Jogulamba,TELANGANA,36,JOGULAMBA GADWAL,695
Telangana,Kamareddy,TELANGANA,36,KAMAREDDY,685
Telangana,Karimnagar,TELANGANA,36,KARIMNAGAR,508
Telangana,Khammam,TELANGANA,36,KHAMMAM,509
Telangana,Komaram Bheem Asifabad,TELANGANA,36,KUMURAM BHEEM ASIFABAD,699
Telangana,Mahabubabad,TELANGANA,36,MAHABUBABAD,688
Telangana,Mahbubnagar,TELANGANA,36,MAHABUBNAGAR,512
Telangana,Mancherial,TELANGANA,36,MANCHERIAL,684
Telangana,Medak,TELANGANA,36,MEDAK,513
Telangana,Medchal,TELANGANA,36,MEDCHAL MALKAJGIRI,700
Telangana,MULUGU,TELANGANA,36,Mulugu,720
Telangana,Nagarkurnool,TELANGANA,36,NAGARKURNOOL,694
Telangana,Nalgonda,TELANGANA,36,NALGONDA,514
Telangana,Narayanpet,TELANGANA,36,Narayanpet,721
Telangana,Nirmal,TELANGANA,36,Nirmal,680
Telangana,Nizamabad,TELANGANA,36,NIZAMABAD,516
Telangana,Peddapalli,TELANGANA,36,PEDDAPALLI,682
Telangana,Rajanna,TELANGANA,36,RAJANNA SIRCILLA,683
Telangana,Rangareddy,TELANGANA,36,RANGA REDDY,518
Telangana,Sangareddy,TELANGANA,36,SANGAREDDY,691
Telangana,Siddipet,TELANGANA,36,SIDDIPET,692
Telangana,Suryapet,TELANGANA,36,SURYAPET,696
Telangana,Vikarabad,TELANGANA,36,VIKARABAD,698
Telangana,Wanaparthy,TELANGANA,36,WANAPARTHY,693
Telangana,Warangal Rural,TELANGANA,36,WARANGAL RURAL,522
Telangana,Warangal Urban,TELANGANA,36,WARANGAL URBAN,686
Telangana,Yadadri,TELANGANA,36,YADADRI BHUVANAGIRI,697
Tripura,Dhalai,TRIPURA,16,Dhalai,269
Tripura,North Tripura,TRIPURA,16,North Tripura,270
Tripura,South Tripura,TRIPURA,16,South Tripura,271
Tripura,West Tripura,TRIPURA,16,West Tripura,272
Uttar Pradesh,Agra,UTTAR PRADESH,9,AGRA,118
Uttar Pradesh,Aligarh,UTTAR PRADESH,9,ALIGARH,119
Uttar Pradesh,Allahabad,UTTAR PRADESH,9,PRAYAGRAJ,120
Uttar Pradesh,Ambedkar Nagar,UTTAR PRADESH,9,AMBEDKAR NAGAR,121
Uttar Pradesh,Amethi,UTTAR PRADESH,9,Amethi,640
Uttar Pradesh,Auraiya,UTTAR PRADESH,9,AURAIYA,122
Uttar Pradesh,Azamgarh,UTTAR PRADESH,9,AZAMGARH,123
Uttar Pradesh,Baghpat,UTTAR PRADESH,9,BAGHPAT,124
Uttar Pradesh,Bahraich,UTTAR PRADESH,9,BAHRAICH,125
Uttar Pradesh,Ballia,UTTAR PRADESH,9,BALLIA,126
Uttar Pradesh,Balrampur,UTTAR PRADESH,9,BALRAMPUR,127
Uttar Pradesh,Banda,UTTAR PRADESH,9,BANDA,128
Uttar Pradesh,Barabanki,UTTAR PRADESH,9,BARABANKI,129
Uttar Pradesh,Bareilly,UTTAR PRADESH,9,BAREILLY,130
Uttar Pradesh,Basti,UTTAR PRADESH,9,BASTI,131
Uttar Pradesh,Bijnor,UTTAR PRADESH,9,BIJNOR,132
Uttar Pradesh,Budaun,UTTAR PRADESH,9,BUDAUN,133
Uttar Pradesh,Bulandshahr,UTTAR PRADESH,9,BULANDSHAHR,134
Uttar Pradesh,Chandauli,UTTAR PRADESH,9,CHANDAULI,135
Uttar Pradesh,Chitrakoot,UTTAR PRADESH,9,CHITRAKOOT,136
Uttar Pradesh,Deoria,UTTAR PRADESH,9,DEORIA,137
Uttar Pradesh,Etah,UTTAR PRADESH,9,ETAH,138
Uttar Pradesh,Etawah,UTTAR PRADESH,9,ETAWAH,139
Uttar Pradesh,Faizabad,UTTAR PRADESH,9,AYODHYA,140
Uttar Pradesh,Farrukhabad,UTTAR PRADESH,9,FARRUKHABAD,141
Uttar Pradesh,Fatehpur,UTTAR PRADESH,9,FATEHPUR,142
Uttar Pradesh,Firozabad,UTTAR PRADESH,9,FIROZABAD,143
Uttar Pradesh,Gautam Buddha Nagar,UTTAR PRADESH,9,GAUTAM BUDDHA NAGAR,144
Uttar Pradesh,Ghaziabad,UTTAR PRADESH,9,GHAZIABAD,145
Uttar Pradesh,Ghazipur,UTTAR PRADESH,9,GHAZIPUR,146
Uttar Pradesh,Gonda,UTTAR PRADESH,9,GONDA,147
Uttar Pradesh,Gorakhpur,UTTAR PRADESH,9,GORAKHPUR,148
Uttar Pradesh,Hamirpur,UTTAR PRADESH,9,HAMIRPUR,149
Uttar Pradesh,Hapur,UTTAR PRADESH,9,HAPUR,661
Uttar Pradesh,Hardoi,UTTAR PRADESH,9,HARDOI,150
Uttar Pradesh,Jalaun,UTTAR PRADESH,9,JALAUN,151
Uttar Pradesh,Jaunpur,UTTAR PRADESH,9,JAUNPUR,152
Uttar Pradesh,Jhansi,UTTAR PRADESH,9,JHANSI,153
Uttar Pradesh,Jyotiba Phule Nagar,UTTAR PRADESH,9,AMROHA,154
Uttar Pradesh,Kannauj,UTTAR PRADESH,9,KANNAUJ,155
Uttar Pradesh,Kanpur Dehat,UTTAR PRADESH,9,KANPUR DEHAT,156
Uttar Pradesh,Kanpur Nagar,UTTAR PRADESH,9,KANPUR NAGAR,157
Uttar Pradesh,Kanshiram Nagar,UTTAR PRADESH,9,Kasganj,633
Uttar Pradesh,Kaushambi,UTTAR PRADESH,9,KAUSHAMBI,158
Uttar Pradesh,Kheri,UTTAR PRADESH,9,KHERI,159
Uttar Pradesh,Kushi Nagar,UTTAR PRADESH,9,KUSHI NAGAR,160
Uttar Pradesh,Lalitpur,UTTAR PRADESH,9,LALITPUR,161
Uttar Pradesh,Lucknow,UTTAR PRADESH,9,LUCKNOW,162
Uttar Pradesh,Mahamaya Nagar,UTTAR PRADESH,9,HATHRAS,163
Uttar Pradesh,Maharajganj,UTTAR PRADESH,9,MAHARAJGANJ,164
Uttar Pradesh,Mahoba,UTTAR PRADESH,9,MAHOBA,165
Uttar Pradesh,Mainpuri,UTTAR PRADESH,9,MAINPURI,166
Uttar Pradesh,Mathura,UTTAR PRADESH,9,MATHURA,167
Uttar Pradesh,Mau,UTTAR PRADESH,9,MAU,168
Uttar Pradesh,Meerut,UTTAR PRADESH,9,MEERUT,169
Uttar Pradesh,Mirzapur,UTTAR PRADESH,9,MIRZAPUR,170
Uttar Pradesh,Moradabad,UTTAR PRADESH,9,MORADABAD,171
Uttar Pradesh,Muzaffarnagar,UTTAR PRADESH,9,MUZAFFARNAGAR,172
Uttar Pradesh,Pilibhit,UTTAR PRADESH,9,PILIBHIT,173
Uttar Pradesh,Pratapgarh,UTTAR PRADESH,9,PRATAPGARH,174
Uttar Pradesh,Rae Bareli,UTTAR PRADESH,9,RAE BARELI,175
Uttar Pradesh,Rampur,UTTAR PRADESH,9,RAMPUR,176
Uttar Pradesh,Saharanpur,UTTAR PRADESH,9,SAHARANPUR,177
Uttar Pradesh,Sambhal,UTTAR PRADESH,9,SAMBHAL,659
Uttar Pradesh,Sant Kabeer Nagar,UTTAR PRADESH,9,SANT KABEER NAGAR,178
Uttar Pradesh,Sant Ravidas Nagar,UTTAR PRADESH,9,BHADOHI,179
Uttar Pradesh,Shahjahanpur,UTTAR PRADESH,9,SHAHJAHANPUR,180
Uttar Pradesh,Shamli,UTTAR PRADESH,9,SHAMLI,660
Uttar Pradesh,Shravasti,UTTAR PRADESH,9,SHRAVASTI,181
Uttar Pradesh,Siddharth Nagar,UTTAR PRADESH,9,SIDDHARTH NAGAR,182
Uttar Pradesh,Sitapur,UTTAR PRADESH,9,SITAPUR,183
Uttar Pradesh,Sonbhadra,UTTAR PRADESH,9,SONBHADRA,184
Uttar Pradesh,Sultanpur,UTTAR PRADESH,9,SULTANPUR,185
Uttar Pradesh,Unnao,UTTAR PRADESH,9,UNNAO,186
Uttar Pradesh,Varanasi,UTTAR PRADESH,9,VARANASI,187
Uttarakhand,Almora,UTTARAKHAND,5,ALMORA,45
Uttarakhand,Bageshwar,UTTARAKHAND,5,BAGESHWAR,46
Uttarakhand,Chamoli,UTTARAKHAND,5,CHAMOLI,47
Uttarakhand,Champawat,UTTARAKHAND,5,CHAMPAWAT,48
Uttarakhand,Dehradun,UTTARAKHAND,5,DEHRADUN,49
Uttarakhand,Haridwar,UTTARAKHAND,5,HARIDWAR,50
Uttarakhand,Nainital,UTTARAKHAND,5,NAINITAL,51
Uttarakhand,Pauri Garhwal,UTTARAKHAND,5,PAURI GARHWAL,52
Uttarakhand,Pithoragarh,UTTARAKHAND,5,PITHORAGARH,53
Uttarakhand,Tehri Garhwal,UTTARAKHAND,5,TEHRI GARHWAL,55
Uttarakhand,Udam Singh Nagar,UTTARAKHAND,5,UDAM SINGH NAGAR,56
Uttarakhand,Uttar Kashi,UTTARAKHAND,5,UTTAR KASHI,57
West Bengal,24 Paraganas North,WEST BENGAL,19,24 PARAGANAS NORTH,303
West Bengal,24 Paraganas South,WEST BENGAL,19,24 PARAGANAS SOUTH,304
West Bengal,Alipurduar,WEST BENGAL,19,Alipurduar,664
West Bengal,Bankura,WEST BENGAL,19,BANKURA,305
West Bengal,Bardhaman,WEST BENGAL,19,PURBA BARDHAMAN,306
West Bengal,Birbhum,WEST BENGAL,19,BIRBHUM,307
West Bengal,Coochbehar,WEST BENGAL,19,COOCHBEHAR,308
West Bengal,Darjeeling,WEST BENGAL,19,DARJEELING,309
West Bengal,Dinajpur Dakshin,WEST BENGAL,19,DINAJPUR DAKSHIN,310
West Bengal,Dinajpur Uttar,WEST BENGAL,19,DINAJPUR UTTAR,311
West Bengal,Hooghly,WEST BENGAL,19,HOOGHLY,312
West Bengal,Howrah,WEST BENGAL,19,HOWRAH,313
West Bengal,Jalpaiguri,WEST BENGAL,19,JALPAIGURI,314
West Bengal,Jhargram,WEST BENGAL,19,Jhargram,703
West Bengal,Maldah,WEST BENGAL,19,MALDAH,316
West Bengal,Medinipur East,WEST BENGAL,19,MEDINIPUR EAST,317
West Bengal,Medinipur West,WEST BENGAL,19,MEDINIPUR WEST,318
West Bengal,Murshidabad,WEST BENGAL,19,MURSHIDABAD,319
West Bengal,Nadia,WEST BENGAL,19,NADIA,320
West Bengal,Paschim Bardhaman,WEST BENGAL,19,PASCHIM BARDHAMAN,704
West Bengal,Purulia,WEST BENGAL,19,PURULIA,321
Tripura,Gomati,TRIPURA,16,Gomati,654
Tripura,Khowai,TRIPURA,16,Khowai,652
Tripura,Sepahijala,TRIPURA,16,Sepahijala,653
Tripura,Unakoti,TRIPURA,16,Unakoti,655
Madhya Pradesh,AGAR MALWA,MADHYA PRADESH,23,AGAR MALWA,667
Manipur,Churachandpur,MANIPUR,14,CHURACHANDPUR,254
Chhattisgarh,Gaurela Pendra Marwahi,CHHATTISGARH,22,Gaurella Pendra Marwahi,734
Madhya Pradesh,Niwari,MADHYA PRADESH,23,Niwari,722
Tamil Nadu,Chengalpattu,TAMIL NADU,33,CHENGALPATTU,730
Tamil Nadu,Kallakurichi,TAMIL NADU,33,KALLAKURICHI,729
Tamil Nadu,Mayiladuthurai,TAMIL NADU,33,Mayiladuthurai,735
Tamil Nadu,Ranipet,TAMIL NADU,33,Ranipet,731
Tamil Nadu,TENKASI,TAMIL NADU,33,TENKASI,733
Tamil Nadu,TIRUPATHUR,TAMIL NADU,33,Tirupathur,732
